"Tilda UID";Brand;SKU;Mark;Category;Title;Description;Text;Photo;Price;Quantity;"Price Old";Editions;Modifications;"External ID";"Parent UID";Weight;Length;Width;Height
947081899672;;;;"Антибактериальные;Свиньи;КРС;МРС;Собаки;Кошки";"АЗИТРИКОН РАСТВОР";"Антибактериальный препарат с местноанестезирующим действием";"<div style=""font-size: 20px; line-height: 26px;"" data-customstyle=""yes""><strong style=""color: rgb(4, 77, 39);"">ПРЕИМУЩЕСТВА </strong><br />- Относится к препаратам с антибактериальным и местноанестезирующим действием; - При внутримышечном введении быстро всасывается (5-15 мин); - Терапевтическая концентрация сохраняется в организме не менее 72 часов.<br /><strong style=""color: rgb(4, 77, 39);"">ПОКАЗАНИЯ К ПРИМЕНЕНИЮ </strong><br />Препарат применяют для лечения крупному рогатому скоту, овцам, козам, свиньям, кошкам и собакам при бактериальных инфекциях органов дыхания, пищеварительной и мочеполовой системы, а также инфекциях кожи и мягких тканей, вызываемых микроорганизмами, чувствительными к азитромицину, для терапии некробактериоза, рожи свиней и микоплазменных инфекций. <br /><strong style=""color: rgb(4, 77, 39);"">ПОРЯДОК ПРИМЕНЕНИЯ </strong><br />Крупному рогатому скоту, овцам, козам и свиньям: однократно внутримышечно в дозе 1 мл на 20 кг массы животного. При тяжелых поражениях легочной ткани возможна повторная инъекция препарата через 3-5 суток. Не вводить более 7,5 мл в одно место инъекции. Собакам и кошкам: внутримышечно или подкожно в дозе 1 мл на 10 кг массы животного один раз в сутки в течение 3-5 дней. <br /><strong style=""color: rgb(4, 77, 39);"">СРОКИ ОЖИДАНИЯ </strong><br />Запрещается применение препарата лактирующим животным. Мясо: крс – 45 дней, свиньи – 40 дней.<br /><strong style=""color: rgb(4, 77, 39);"">СРОК ОЖИДАНИЯ</strong><br />Запрещается применение препарата лактирующим животным. Мясо: крс – 45 дней, свиньи – 40 дней.<br /><strong style=""color: rgb(4, 77, 39);"">ФОРМА ВЫПУСКА </strong><br />Стеклянные флаконы по 100 мл.<br /><strong style=""color: rgb(4, 77, 39);"">СРОК ГОДНОСТИ И УСЛОВИЯ ХРАНЕНИЯ</strong><br />2 года от даты изготовления при температуре от 2 ºС до 25 ºС.<br /><strong style=""color: rgb(4, 77, 39);"">СОСТАВ</strong><br />В 1,0 мл препарата содержится 100 мг азитромицина и 10 мг лидокаина гидрохлорида; вспомогательные вещества: кислота лимонная, натрия гидроксид, тиоглицерол, пропиленгликоль, вода для инъекций.</div>";https://static.tildacdn.com/stor6632-3262-4536-b337-313862666630/8aa3a8a0b5650aa5fda666bbedf717a2.png;0;;;;;863983274147;;0;0;0;0
883702235672;;;;"Антибактериальные;Свиньи;КРС;МРС;Собаки;Кошки";"ДИСТРЕП 400 LA СУСПЕНЗИЯ";"Антибактериальный препарат";"<div style=""font-size: 20px;"" data-customstyle=""yes""><strong style=""color: rgb(4, 77, 39); line-height: 20px;"">ПРЕИМУЩЕСТВА </strong><br />- Широкий спектр антимикробного действия; - Терапевтическая концентрация препарата сохраняется до 72 часов; - Однократного применения.<br /><strong style=""color: rgb(4, 77, 39); line-height: 20px;"">ПОКАЗАНИЯ К ПРИМЕНЕНИЮ </strong><br />Применяют для лечения крупного и мелкого рогатого скота, свиней, собак и кошек при инфекциях дыхательных путей, почек и мочевыводящих путей, опорно-двигательного аппарата, инфекциях кожи и мягких тканей, метрите, мастите, лептоспирозе, роже свиней и др.<br /><strong style=""color: rgb(4, 77, 39); line-height: 20px;"">ПОРЯДОК ПРИМЕНЕНИЯ </strong><br />Препарат вводят внутримышечно или подкожно, однократно в следующих дозах: - взрослому крупному рогатому скоту и свиньям – 5,0-10,0 мл на 100 кг массы тела животного; - телятам, поросятам, овцам – 1,0-2,0 мл на 25 кг массы тела животного; - собакам и кошкам– 0,2-0,4 мл на 5 кг массы тела животного.<br /><strong style=""color: rgb(4, 77, 39); line-height: 20px;"">СРОКИ ОЖИДАНИЯ </strong><br />Молоко – 7 дней. Мясо: свиньи – 35 дней, овцы – 30 дней, крс – 49 дней.<br /><strong style=""color: rgb(4, 77, 39); line-height: 20px;"">СРОК ГОДНОСТИ И </strong><br /><strong style=""color: rgb(4, 77, 39); line-height: 20px;"">УСЛОВИЯ ХРАНЕНИЯ </strong><br />2 года при температуре от плюс 2 ºС до плюс 8 ºС и 12 месяцев при температуре от плюс 8 ºС до плюс 25 ºС.<br /><strong style=""color: rgb(4, 77, 39); line-height: 20px;"">ФОРМА ВЫПУСКА </strong><br />Стеклянные флаконы по 100 мл.<br /><strong style=""color: rgb(4, 77, 39); line-height: 20px;"">СОСТАВ</strong><br />В 1,0 мл препарата содержится 200 мг дигидрострептомицина сульфата, 120 мг бензилпенициллина прокаина, 80 мг бензилпенициллина бензатина; вспомогательные вещества. </div>";https://static.tildacdn.com/stor3663-6634-4164-a430-386131326363/d65c42611f66fa57d73a33b20a53c5ed.png;0;;;;;FyRO21CvKlASfO5Lrafe;;0;0;0;0
108331981652;;;;"Антибактериальные;Свиньи;КРС;МРС;Собаки;Кошки";"ДУОЦИЛЛИН LA СУСПЕНЗИЯ";"Антибактериальный препарат пролонгированного действия";"<div style=""font-size: 20px;"" data-customstyle=""yes""><strong style=""color: rgb(4, 77, 39);"">ПРЕИМУЩЕСТВА</strong><br />- Длительное сохранение терапевтической концентрации; <br />- Краткий срок ожидания по молоку; <br />- Лечение инфекций бактериальной этиологии. <br /><strong style=""color: rgb(4, 77, 39);"">ПОКАЗАНИЯ К ПРИМЕНЕНИЮ</strong><br />Препарат применяют крупному и мелкому рогатому скоту, свиньям, собакам и кошкам при послеродовых инфекциях, маститах, стафилококкозе, стрептококкозе, лептоспирозе, эризипелоиде, бронхопневмониях, артритах и других заболеваниях, вызванных возбудителями, чувствительными к бензилпенициллину. <br /><strong style=""color: rgb(4, 77, 39);"">ПОРЯДОК ПРИМЕНЕНИЯ</strong><br />Препарат вводят внутримышечно, двукратно, c интервалом в 72 часа в следующих дозах: - взрослому крупному рогатому скоту 1,0 мл на 25 кг массы животного; - телятам, овцам, козам, свиньям 1,0 мл на 20 кг массы животного; - собакам и кошкам 1,0 мл на 10 кг массы животного. <br /><strong style=""color: rgb(4, 77, 39);"">СРОКИ ОЖИДАНИЯ</strong><br />Молоко – 3 дня. Мясо: крс и свиньи – 70 дней, овцы – 56 дней.<br /><strong style=""color: rgb(4, 77, 39);"">СРОК ГОДНОСТИ И</strong><br /><strong style=""color: rgb(4, 77, 39);"">УСЛОВИЯ ХРАНЕНИЯ</strong><br />2 года от даты изготовления при температуре от 2 ºС до 15 ºС.<br /><strong style=""color: rgb(4, 77, 39);"">ФОРМА ВЫПУСКА</strong><br />Стеклянные флаконы по 100 мл.<br /><strong style=""color: rgb(4, 77, 39);"">СОСТАВ</strong><br />В 1,0 мл препарата содержится 136 мг бензилпенициллина в форме прокаиновой и бензатиновой солей; вспомогательные вещества.</div>";https://static.tildacdn.com/stor3836-6538-4334-b034-636430313363/acffe34547fc1d5db16b3364041de300.png;0;;;;;Ceg7DUPP2zT8IMHdEgMM;;0;0;0;0
923196283232;;;;"Антибактериальные;Свиньи;КРС;МРС;Лошади;Собаки";"РЕЦЕФ 50 СУСПЕНЗИЯ";"Антибактериальный препарат";"<strong style=""line-height: 20px; font-size: 20px; color: rgb(4, 77, 39);"">ПРЕИМУЩЕСТВА </strong><br />- Антибиотик, относящийся к цефалоспоринам 3-го поколения; <br />- Обладает широким спектром действия;<br />- Антибактериальная активность достигается в течение 15 минут после введения.<br /><strong style=""line-height: 20px; font-size: 20px; color: rgb(4, 77, 39);"">ПОКАЗАНИЯ К ПРИМЕНЕНИЮ </strong><br />Препарат применяют для лечения крупного и мелкого рогатого скота, свиней, лошадей и собак при пастереллезе, стафилококкозе, стрептококкозе, колибактериозе, некробактериозе; при бронхопневмонии, бронхите, пневмонии, нефрите, пиелите, цистите, инфицированных ранах, гастроэнтерите; при сепсисе, перитоните, полиартритах, полисерозитах, послеродовых инфекциях, маститах, метритах и других заболеваниях.<br /><strong style=""line-height: 20px; font-size: 20px; color: rgb(4, 77, 39);"">ПОРЯДОК ПРИМЕНЕНИЯ </strong><br />Препарат вводят животным парентерально один раз в сутки в следующих дозах: - крупному рогатому скоту, овцам и козам подкожно или внутримышечно – 1 мл на 50 кг массы тела животного от 3 до 5 дней; - свиньямвнутримышечно – 1 мл на 16 кг массы тела в течение 3 дней; - лошадям внутримышечно – 2-4 мл на 50 кг массы тела животного не более 10 дней; - собакам внутримышечно – 0,2-0,4 мл на 5 кг массы тела животного не более 10 дней. <br /><strong style=""line-height: 20px; font-size: 20px; color: rgb(4, 77, 39);"">СРОКИ ОЖИДАНИЯ </strong><br />Молоко – 48 часов. Мясо: крс, мрс – 8 дней, свиньи – 5 дней.<br /><strong style=""line-height: 20px; font-size: 20px; color: rgb(4, 77, 39);"">СРОК ГОДНОСТИ И </strong><br /><strong style=""line-height: 20px; font-size: 20px; color: rgb(4, 77, 39);"">УСЛОВИЯ ХРАНЕНИЯ </strong><br />2 года от даты изготовления при температуре от 2 ºС до 25 ºС.<br /><strong style=""line-height: 20px; font-size: 20px; color: rgb(4, 77, 39);"">ФОРМА ВЫПУСКА </strong><br />Стеклянные флаконы по 100 мл.<br /><strong style=""line-height: 20px; font-size: 20px; color: rgb(4, 77, 39);"">СОСТАВ</strong><br />В 1,0 мл препарата содержится 50 мг цефтиофура гидрохлорида; вспомогательные вещества.";https://static.tildacdn.com/stor3763-3734-4039-b535-366633656338/04e8d27e0e945bf2edd6917b6be870cb.png;0;;;;;ARkx3X3xmXtmDvvhgKph;;0;0;0;0
216343738202;;;;"Антибактериальные;Свиньи;КРС;МРС;Собаки;Кошки";"ТРИМЕТОКС ТАБЛЕТКИ";"Антибактериальный препарат";"<div style=""font-size: 20px;"" data-customstyle=""yes""><strong style=""line-height: 20px; color: rgb(4, 77, 39);"">ПРЕИМУЩЕСТВА </strong><br />- Комбинированное действие веществ; <br />- Быстро всасывается в кровь; <br />- Не вызывает побочных явлений.<br /><strong style=""line-height: 20px; color: rgb(4, 77, 39);"">ПОКАЗАНИЯ К ПРИМЕНЕНИЮ </strong><br />Препарат применяют с лечебной целью молодняку крупного и мелкого рогатого скота, свиньям, собакам и кошкам при колибактериозе, пастереллезе, сальмонеллезе, микоплазмозе, стафилококкозе, стрептококкозе, смешанных инфекциях, бактериальных осложнениях вирусных заболеваний.<br /><strong style=""line-height: 20px; color: rgb(4, 77, 39);"">ПОРЯДОК ПРИМЕНЕНИЯ </strong><br />Применяют внутрь групповым способом в смеси с кормом или индивидуально с водой два раза в сутки с равными интервалами в дозе: одна таблетка на 10 кг массы животного в течение 5-7 дней. При применении препарата групповым способом с кормом таблетки следует измельчить. <br /><strong style=""line-height: 20px; color: rgb(4, 77, 39);"">СРОКИ ОЖИДАНИЯ </strong><br />Мясо – 7 дней. <br /><strong style=""line-height: 20px; color: rgb(4, 77, 39);"">СРОК ГОДНОСТИ И </strong><br /><strong style=""line-height: 20px; color: rgb(4, 77, 39);"">УСЛОВИЯ ХРАНЕНИЯ </strong><br />3 года от даты изготовления при температуре от плюс 2 ºС до плюс 25 ºС.<br /><strong style=""line-height: 20px; color: rgb(4, 77, 39);"">ФОРМА ВЫПУСКА </strong><br />Полимерная тара по 100 таблеток.<br /><strong style=""line-height: 20px; color: rgb(4, 77, 39);"">СОСТАВ</strong><br />В одной таблетке содержится 0,4 г сульфадимидина, 0,08 г триметоприма и наполнителя – до 1,0 г.</div>";https://static.tildacdn.com/stor6362-6239-4635-b430-386133616438/0ea8fbbedcc3a22b16e7610ca7ee49de.png;0;;;;;jH4iEyaVbBefRL3V0zex;;0;0;0;0
169753791242;;;;"Лечения мастита и эндометрита;КРС;Собаки";"РЕЛАКСИВ РАСТВОР";"Вегетотропный препарат";"<div style=""font-size: 20px;"" data-customstyle=""yes""><strong style=""line-height: 20px; color: rgb(4, 77, 39);"">ПРЕИМУЩЕСТВА </strong><br />- Обладает расслабляющим действием на гладкую мускулатуру шейки матки и способствует увеличению эластичности родовых путей; - Усиливает действие эндогенного окситоцина, ацетилхолина и сократительную способность гладкой мускулатуры матки; - Обладает анестезирующим, легким транквилизирующим и жаропонижающим действием; - Без ограничений<br /><strong style=""line-height: 20px; color: rgb(4, 77, 39);"">ПОКАЗАНИЯ К ПРИМЕНЕНИЮ </strong><br />Препарат применяют для регуляции родового процесса у коров, первотелок и сук: при недостаточном открытии или узости шейки матки; при неправильном расположении плода; для активизации прерванных родов при слабой функции родовых путей, вызванной гипотонией матки; для уменьшения вероятности повреждений родовых путей при родовспоможении; а также при проведении фетотомии.<br /><strong style=""line-height: 20px; color: rgb(4, 77, 39);"">ПОРЯДОК ПРИМЕНЕНИЯ </strong><br />Препарат применяют однократно внутримышечно или подкожно в дозах: - первотелкам молочных пород – 5,0 мл и мясных пород – 10,0 мл; - коровам второго отела и старше – 10,0 мл; - сукам массой тела до 10 кг – 0,5 мл, 11-20 кг – 1,0 мл и 20 кг и более – 1,5 мл. <br /><strong style=""line-height: 20px; color: rgb(4, 77, 39);"">СРОКИ ОЖИДАНИЯ </strong><br />Без ограничений.<br /><strong style=""line-height: 20px; color: rgb(4, 77, 39);"">СРОК ГОДНОСТИ И </strong><br /><strong style=""line-height: 20px; color: rgb(4, 77, 39);"">УСЛОВИЯ ХРАНЕНИЯ </strong><br />2 года от даты изготовления при температуре от 8 ºС до 25 ºС<br /><strong style=""line-height: 20px; color: rgb(4, 77, 39);"">ФОРМА ВЫПУСКА </strong><br />Флаконы из темного стекла по 10 мл, 20 мл, 50 мл и 100 мл.<br /><strong style=""line-height: 20px; color: rgb(4, 77, 39);"">СОСТАВ</strong><br />В 1,0 мл препарата содержится 40 мг денаверина гидрохлорида; вспомогательные вещества: бензиловый спирт, пропиленгликоль, кислота хлористоводородная (для коррекции уровня рН), вода для инъекций.</div>";https://static.tildacdn.com/stor3130-3235-4566-b363-353736306639/16c9cbcd60f6b1f1def10e6c184abca5.png;0;;;;;kdVFMzZ1naJxJEBrGB5s;;0;0;0;0
342002256882;;;;"Противопаразитарные и противопротозойные;Свиньи;КРС;Собаки;Кошки";"ТОРУКОКС 5% СУСПЕНЗИЯ";"Противопротозойный препарат";"<div style=""font-size: 20px;"" data-customstyle=""yes""><strong style=""line-height: 20px; color: rgb(4, 77, 39);"">ПРЕИМУЩЕСТВА </strong><br />- Эффективен в отношении кокцидий на всех стадиях их внутриклеточного развития; <br />- Применяется также и для лечения плотоядных животных. <br /><strong style=""line-height: 20px; color: rgb(4, 77, 39);"">ПОКАЗАНИЯ К ПРИМЕНЕНИЮ </strong><br />Препарат применяют поросятам в неблагополучных хозяйствах для профилактики и при лечении эймериоза и изоспороза, а также телятам для профилактики и при лечении эймериоза; для лечения плотоядных животных при эймериозах и изоспорозах.<br /><strong style=""line-height: 20px; color: rgb(4, 77, 39);"">ПОРЯДОК ПРИМЕНЕНИЯ </strong><br />Для профилактики препарат задают поросятам внутрь, в возрасте 3-6 дней, однократно, в дозе 1,0 мл на 2,5 кг массы. Для лечения поросят препарат применяют однократно, в дозе 1,0 мл на 2,5 кг массы животного. Для лечения плотоядных животных (лисицы, собаки, кошки и другие плотоядные) препарат задают в дозе 1,0 мл на 7 кг массы животного (0,007 г/кг), двукратно с интервалом 24 часа или однократно в дозе 1,0 мл на 3,5 кг массы животного (0,014 г/кг). При лечении и для профилактики телят препарат задают в дозе 1,0 мл на 7 кг массы животного (0,007 г/кг), двукратно с интервалом 24 часа или однократно в дозе 1,0 мл на 3,5 кг массы животного (0,014 г/кг). <br /><strong style=""line-height: 20px; color: rgb(4, 77, 39);"">СРОКИ ОЖИДАНИЯ </strong><br />Мясо: поросята – 91 день, телята – 70 дней. <br /><strong style=""line-height: 20px; color: rgb(4, 77, 39);"">СРОК ГОДНОСТИ И </strong><br /><strong style=""line-height: 20px; color: rgb(4, 77, 39);"">УСЛОВИЯ ХРАНЕНИЯ </strong><br />3 года от даты изготовления при температуре от плюс 2 ºС до плюс 25 ºС.<br /><strong style=""line-height: 20px; color: rgb(4, 77, 39);"">ФОРМА ВЫПУСКА </strong><br />Полимерная тара по 250 мл и 1 л.<br /><strong style=""line-height: 20px; color: rgb(4, 77, 39);"">СОСТАВ</strong><br />В 1,0 мл препарата содержится 50 мг толтразурила; вспомогательные вещества.</div>";https://static.tildacdn.com/stor3562-6132-4336-a465-666632643730/81bb590e8f1d606104bcb7f82be3cdf2.png;0;;;;;hFy4diT2VY4y4LOmLs33;;0;0;0;0
459955526332;;;;"Витаминно-минеральные;Свиньи;Птица;КРС;МРС;Лошади;Индейка;Собаки;Кошки";"СТИМУЛОНГ РАСТВОР";"Витаминно-минеральный препарат";"<div style=""font-size: 20px;"" data-customstyle=""yes""><strong style=""line-height: 20px; color: rgb(4, 77, 39);"">ПРЕИМУЩЕСТВА </strong><br />- Тонизирующее действие; <br />- Повышает резистентность организма; <br />- Стимулирует кроветворение.<br /><strong style=""line-height: 20px; color: rgb(4, 77, 39);"">ПОКАЗАНИЯ К ПРИМЕНЕНИЮ </strong><br />Препарат применяют: - крупному и мелкому рогатому скоту, лошадям, свиньям в комплексной терапии при гипотонии и атонии матки, для профилактики послеродовых осложнений; - лошадям как тонизирующее средство при переутомлении (за 2-3 дня до соревнований); - молодняку животных и птицы, пушным зверям, собакам, кошкам в комплексной терапии при бронхопневмониях, инфекциях мягких тканей и кожи, инфекциях желудочно-кишечного тракта и мочеполовой системы; - сельскохозяйственным и мелким домашним животным при переломах для лучшей регенерации костной ткани, при рахите, гипомагнемии, при парезах и параличах.<br /><strong style=""line-height: 20px; color: rgb(4, 77, 39);"">ПОРЯДОК ПРИМЕНЕНИЯ </strong><br />Препарат вводят внутримышечно, подкожно, один раз в сутки в следующих дозах: - лошадям, крупному рогатому скоту 10,0-25,0 мл; - телятам, жеребятам5,0-12,0 мл; - овцам, козам2,5-8,0 мл; - ягнятам, козлятам1,5-2,5 мл; - свиньям2,5-10,0 мл; - поросятам-сосунам1,0-2,5 мл; - собакам0,5-5,0 мл; - кошкам и пушным зверям0,5-2,5 мл. Птице препарат применяют перорально в следующих дозах: - цыплятам 1,0-1,5 мл на 1 л питьевой воды; - курам-несушкам 2,0-3,0 мл на 1 л питьевой воды. Длительность применения препарата составляет 4-5 дней.<br /><strong style=""line-height: 20px; color: rgb(4, 77, 39);"">СРОКИ ОЖИДАНИЯ </strong><br />Без ограничений.<br /><strong style=""line-height: 20px; color: rgb(4, 77, 39);"">СРОК ГОДНОСТИ И </strong><br /><strong style=""line-height: 20px; color: rgb(4, 77, 39);"">УСЛОВИЯ ХРАНЕНИЯ </strong><br />5 лет от даты изготовления при температуре от 2 ºС до 25 ºС. <br /><strong style=""line-height: 20px; color: rgb(4, 77, 39);"">ФОРМА ВЫПУСКА </strong><br />Стеклянные флаконы по 100 мл.<br /><strong style=""line-height: 20px; color: rgb(4, 77, 39);"">СОСТАВ</strong><br />В 1,0 мл препарата содержится 100 мг бутафосфана и 0,05 мг цианокобаламина; вспомогательные вещества.</div>";https://static.tildacdn.com/stor3033-3036-4330-b638-363163666666/3164384220b3bd8481646fd3a85f2720.png;0;;;;;Zk1fVN6szB5VIk1MZmmp;;0;0;0;0
523639612972;;;;"Противовоспалительные, жаропонижающие, болеутоляющие;Свиньи;КРС;Лошади;Собаки;Кошки";"КЕТОПРОФЕН-РН РАСТВОР";"Жаропонижающее, анальгезирующее и противовоспалительное средство";"<div style=""font-size: 20px;"" data-customstyle=""yes""><strong style=""line-height: 20px; color: rgb(4, 77, 39);"">ПРЕИМУЩЕСТВА </strong><br />- Выраженное противовоспалительное, анальгезирующее и жаропонижающее действие; <br />- Максимальная концентрация в плазме крови через 30-40 минут; <br />- Низкая токсичность; <br />- Молоко без ограничений. <br /><strong style=""line-height: 20px; color: rgb(4, 77, 39);"">ПОКАЗАНИЯ К ПРИМЕНЕНИЮ </strong><br />Препарат применяют крупному рогатому скоту, свиньям, лошадям, собакам и кошкам в качестве противовоспалительного, обезболивающего и жаропонижающего средства в комплексной терапии при акушерскогинекологических (мастит, эндометрит, синдром мастит-метрит-агалактия), желудочно-кишечных (колики), респираторных патологиях (пневмония, бронхит и др.), а также при острых и хронических заболеваниях опорнодвигательного аппарата, сопровождающихся болью и воспалением и для устранения болевого синдрома различной этиологии.<br /><strong style=""line-height: 20px; color: rgb(4, 77, 39);"">ПОРЯДОК ПРИМЕНЕНИЯ </strong><br />Препарат применяют в следующих дозах: -#nbsp;крупному рогатому скоту: 1 мл на 30 кг массы тела животного внутримышечно или внутривенно один раз в сутки в течение 1-3 дней; - свиньям: 1 мл на 30 кг массы тела животного внутримышечно один раз в сутки в течение 1-3 дней; - лошадям: 1 мл на 45 кг массы тела животного внутривенно, при лечении опорно-двигательного аппарата – ежедневно 1 раз/сут от 3 дней до 5 дней; при симптоматическом лечении колик – однократно; - собакам и кошкам: 0,1 мл на 5 кг массы тела животного подкожно или внутримышечно один раз в сутки в течение 1-5 дней. <br /><strong style=""line-height: 20px; color: rgb(4, 77, 39);"">СРОКИ ОЖИДАНИЯ </strong><br />Молоко – без ограничений. Мясо: крс – 5 дней, свиньи – 4 дня.<br /><strong style=""line-height: 20px; color: rgb(4, 77, 39);"">СРОК ГОДНОСТИ И </strong><br /><strong style=""line-height: 20px; color: rgb(4, 77, 39);"">УСЛОВИЯ ХРАНЕНИЯ </strong><br />2 года от даты изготовления при температуре от 5 ºС до25 ºС.<br /><strong style=""line-height: 20px; color: rgb(4, 77, 39);"">ФОРМА ВЫПУСКА </strong><br />Стеклянные флаконы по 100 мл.<br /><strong style=""line-height: 20px; color: rgb(4, 77, 39);"">СОСТАВ</strong><br />В 1,0 мл препарата содержится 100 мг кетопрофена; вспомогательные вещества: бензиловый спирт, натрия гидроксид, L-аргинин, вода для инъекций.</div>";https://static.tildacdn.com/stor3132-6461-4236-a266-313162323965/0dba8140a595614d38c326b5d79e03e6.png;0;;;;;3nysCN8HUhAMzoxElm2H;;0;0;0;0
558965515162;;;;"Противовоспалительные, жаропонижающие, болеутоляющие;КРС;МРС;Лошади;Собаки;Кошки";"КСИЛОВИТ РАСТВОР";"Успокаивающий, обезболивающий, миорелаксационный препарат";"<div style=""font-size: 20px;"" data-customstyle=""yes""><strong style=""line-height: 20px; color: rgb(4, 77, 39);"">ПРЕИМУЩЕСТВА </strong><br />- Действие проявляется через 1-30 минут; <br />- Седативный эффект до 5 часов.<br /><strong style=""line-height: 20px; color: rgb(4, 77, 39);"">ПОКАЗАНИЯ К ПРИМЕНЕНИЮ </strong><br />Препарат применяют для седации (успокаивания) животных при разных вмешательствах и обработках как, например, подковывание лошадей, взятие крови, вакцинация, рентгеновское обследование, обработка ранений, выпадение влагалища и матки, закрытие ран швами, хирургические вмешательства, при проведении местной или общей анестезии и т. д. <br /><strong style=""line-height: 20px; color: rgb(4, 77, 39);"">ПОРЯДОК ПРИМЕНЕНИЯ </strong><br />Крупному и мелкому рогатому скоту: 0,05-0,15 мл/10 кг массы внутримышечно или 0,1-0,3 мл/40 кг массы животного внутривенно. Лошадям:6,0-12,0 мл/100 кг массы животного внутримышечно. Собакам: внутримышечно, в дозе 0,5-1,5 мл препарата на 10 кг массы животного. Кошкам: внутримышечно или подкожно, в дозе 0,1-0,2 мл на 1 кг массы животного. <br /><strong style=""line-height: 20px; color: rgb(4, 77, 39);"">СРОКИ ОЖИДАНИЯ </strong><br />Молоко – 4 дня. Мясо – 5 дней.<br /><strong style=""line-height: 20px; color: rgb(4, 77, 39);"">СРОК ГОДНОСТИ И </strong><br /><strong style=""line-height: 20px; color: rgb(4, 77, 39);"">УСЛОВИЯ ХРАНЕНИЯ </strong><br />5 лет от даты изготовления при температуре от плюс 2 ºС до плюс 25 ºС. <br /><strong style=""line-height: 20px; color: rgb(4, 77, 39);"">ФОРМА ВЫПУСКА </strong><br />Стеклянные флаконы по 100 мл. <br /><strong style=""line-height: 20px; color: rgb(4, 77, 39);"">СОСТАВ</strong><br />В 1,0 мл препарата содержится 0,02 г ксилазина гидрохлорида, натрия метабисульфит, спирт бензиловый, натрия гидроксид, кислота лимонная, вода для инъекций.</div>";https://static.tildacdn.com/stor3735-3734-4737-b362-633861653831/239d8ce5a298f97723c2d533bee178fa.png;0;;;;;u5mzCgES8kSpfCnhptdJ;;0;0;0;0
916376440202;;;;"Дезинфицирующие, инсектоакарицидные;Свиньи;Птица;КРС;МРС;Лошади;Индейка;Собаки;Кошки";"ГЛЮТАР РАСТВОР";"Дезинфицирующий препарат";"<div style=""font-size: 20px;"" data-customstyle=""yes""><strong style=""line-height: 20px; color: rgb(4, 77, 39);"">ПРЕИМУЩЕСТВА </strong><br />- Широкий спектр действия; <br />- Безопасен для животных; <br />- Не разъедает обрабатываемые поверхности. <br /><strong style=""line-height: 20px; color: rgb(4, 77, 39);"">ПОКАЗАНИЯ К ПРИМЕНЕНИЮ </strong><br />Дезинфекция помещений.<br /><strong style=""line-height: 20px; color: rgb(4, 77, 39);"">ПОРЯДОК ПРИМЕНЕНИЯ </strong><br />Перед применением препарат разводят в воде. Для дезинфекции при инфекциях, относящихся к группе малоустойчивых к дезинфицирующим веществам (колибактериоз, пастереллез, сальмонеллез, дизентерия свиней и др.), препарат применяют в 0,75% концентрации методом полива с экспозицией не менее 45 минут и норме расхода 1 л/м . Для дезинфекции 2 при туберкулезе препарат применяют в 2% концентрации методом полива с экспозицией не менее 1 часа при норме расхода 1 л/м . Для дезинфекции 2 при стрептококкозе, стафилококкозе, чуме и др. применяют в 1,25% концентрации методом полива экспозицией не менее 1 часа и норме расхода 1 л/м . Для обработки инкубаторов, оборудования, материалов, 2 инструментов, транспорта для перевозки животных препарат разводят в соотношении от 1:100 до 1:200. <br /><strong style=""line-height: 20px; color: rgb(4, 77, 39);"">СРОКИ ОЖИДАНИЯ </strong><br />Без ограничений.<br /><strong style=""line-height: 20px; color: rgb(4, 77, 39);"">СРОК ГОДНОСТИ И </strong><br /><strong style=""line-height: 20px; color: rgb(4, 77, 39);"">УСЛОВИЯ ХРАНЕНИЯ </strong><br />2 года от даты изготовления при температуре от 0 ºС до плюс 25 ºС.<br /><strong style=""line-height: 20px; color: rgb(4, 77, 39);"">ФОРМА ВЫПУСКА </strong><br />Полимерная тара по 1 л. <br /><strong style=""line-height: 20px; color: rgb(4, 77, 39);"">СОСТАВ</strong><br />В 1,0 л препарата содержится 40,0 г глутарового альдегида, 32,0 г гликосаля, 100,0 дидецилдиметиламмония хлорида и растворителя (вода 3 очищенная) – до 1000,0 см3 . </div>";https://static.tildacdn.com/stor3364-3166-4666-b832-613936383731/83b2b04c0eafe0d338e44f5307adab45.png;0;;;;;PT09bRYHKbn8UE5tkNA4;;0;0;0;0
276123660662;;;;"Дезинфицирующие, инсектоакарицидные;КРС;Лошади;Собаки;Кошки";"МИКОФАРМ РАСТВОР";"Противогрибковый препарат";"<div style=""font-size: 20px;"" data-customstyle=""yes""><strong style=""line-height: 20px; color: rgb(4, 77, 39);"">ПРЕИМУЩЕСТВА </strong><br />- Широкий спектр действия; <br />- Малотоксичен; <br />- Можно использовать беременным и кормящим самкам.<br /><strong style=""line-height: 20px; color: rgb(4, 77, 39);"">ПОКАЗАНИЯ К ПРИМЕНЕНИЮ </strong><br />Применяют крупному рогатому скоту, лошадям, собакам и котам при лечении и для профилактики дерматофитозов, а также противогрибковой обработки помещений для содержания сельскохозяйственных животных и подстилочного материала.<br /><strong style=""line-height: 20px; color: rgb(4, 77, 39);"">ПОРЯДОК ПРИМЕНЕНИЯ </strong><br />При лечении дерматофитозов применяют животным наружно в виде 0,2% эмульсии. Рабочую эмульсию препарата готовят путем смешивания 1 части микофарма и 50 частей теплой воды (10 мл препарата разбавляют в 500 мл теплой воды). Курс лечения составляет 4 применения рабочей эмульсии с интервалами в 3-4 дня. В тяжелых случаях курс лечения может быть продлен. Крупный рогатый скот моют, используя опрыскиватели, или поливают из шланга разбавленной эмульсией из расчета не менее 1 л рабочей эмульсии на одно взрослое животное и 0,5 л на одного теленка. Собакам рабочую эмульсию втирают в кожу против шерсти. Перед обработкой помещений необходимо обеспечить его изоляцию, выключить вентиляцию, провести тщательную механическую очистку. Для обработки помещений: препарат разбавляют с водой в соотношении 1,5 л на 100 л 3 воды. Рабочий раствор применяют из расчета 10 л на 3000 м при 2 обработке аэрозольным способом или на 750 м обрабатываемой поверхности (пол, стены, клетки и т.п.) с использованием препарата в виде спрея. Экспозиция от 30 минут до 12 часов.<br /><strong style=""line-height: 20px; color: rgb(4, 77, 39);"">СРОКИ ОЖИДАНИЯ </strong><br />Молоко – 2 дня. Мясо – 4 дня.<br /><strong style=""line-height: 20px; color: rgb(4, 77, 39);"">СРОК ГОДНОСТИ И </strong><br /><strong style=""line-height: 20px; color: rgb(4, 77, 39);"">УСЛОВИЯ ХРАНЕНИЯ </strong><br />3 года от даты изготовления при температуре от 0 ºС до плюс 25 ºС.<br /><strong style=""line-height: 20px; color: rgb(4, 77, 39);"">ФОРМА ВЫПУСКА </strong><br />Полимерная упаковка по 100 мл и 1 л.<br /><strong style=""line-height: 20px; color: rgb(4, 77, 39);"">СОСТАВ</strong><br />Препарат содержит энилконазола 100 мг/дм3 .</div>";https://static.tildacdn.com/stor3933-6464-4461-a366-613936623763/ac56e50041f2c15399484130ebd06e04.png;0;;;;;Kn7Y1SxtvpUKaJ6csvj4;;0;0;0;0
656746927722;;;;"Дезинфицирующие, инсектоакарицидные;Собаки;Кошки";ЭКТОФЕН;"Инсектицидный препарат";"<strong style=""color: rgb(4, 77, 39); font-size: 20px; line-height: 20px;"">ПРЕИМУЩЕСТВА </strong><br />- Распределяется по поверхности тела в течение 24 часов; <br />- Гибель иксодовых клещей – в течение 48 часов; <br />- Применяется с 8-недельного возраста.<br /><strong style=""color: rgb(4, 77, 39); font-size: 20px; line-height: 20px;"">ПОКАЗАНИЯ К ПРИМЕНЕНИЮ </strong><br />Применяют при борьбе с блохами, вшами, власоедами и клещами (иксодовыми, хейлителлами) собак и кошек.<br /><strong style=""color: rgb(4, 77, 39); font-size: 20px; line-height: 20px;"">ПОРЯДОК ПРИМЕНЕНИЯ </strong><br /><strong style=""color: rgb(0, 0, 0);""><u>Вид животного | Масса животного, кг | Доза, мл|</u></strong><br /><span style=""color: rgb(255, 255, 255);""> ............................................................................../</span><span style=""color: rgb(0, 0, 0);"">2-10 | 0,7 </span><br /><span style=""color: rgb(0, 0, 0);""> </span><span style=""color: rgb(255, 255, 255);"">...................../......................................................</span><span style=""color: rgb(0, 0, 0);"">10-20 | 1,3</span><br /><strong style=""color: rgb(0, 0, 0);""><u>Собаки</u></strong><u style=""color: rgb(255, 255, 255);""> ............................................................</u><u style=""color: rgb(0, 0, 0);"">20-40 | 2,6</u><br /><span style=""color: rgb(255, 255, 255);""> ......................................................................../..</span><span style=""color: rgb(0, 0, 0);"">40-60 | 3,9</span><br /><strong style=""color: rgb(0, 0, 0);""><u>Кошки</u></strong><strong style=""color: rgb(255, 255, 255);""><u> ..................................................</u></strong><u style=""color: rgb(0, 0, 0);"">2-10 | 0,35-0,7</u><br /><strong style=""color: rgb(4, 77, 39); font-size: 20px; line-height: 20px;"">СРОКИ ОЖИДАНИЯ </strong><br />-<br /><strong style=""color: rgb(4, 77, 39); font-size: 20px; line-height: 20px;"">СРОК ГОДНОСТИ И </strong><br /><strong style=""color: rgb(4, 77, 39); font-size: 20px; line-height: 20px;"">УСЛОВИЯ ХРАНЕНИЯ </strong><br />3 года от даты изготовления при температуре от плюс 5 ºС до плюс 25 ºС.<br /><strong style=""color: rgb(4, 77, 39); font-size: 20px; line-height: 20px;"">ФОРМА ВЫПУСКА </strong><br />Полимерные пипетки по 0,7 мл и 1,3 мл, помещенные в картонную коробку по 5 пипеток.<br /><strong style=""color: rgb(4, 77, 39); font-size: 20px; line-height: 20px;"">СОСТАВ</strong><br />В 1,0 мл препарата содержится 100,0 мг фипронила, 100,0 пирипроксифена, вспомогательные и формообразующие компоненты.";https://static.tildacdn.com/stor3361-3534-4261-b365-643962306366/c5366d162c8a7cf31b02fe636cdf79f8.png;0;;;;;4DPyieMh45Ronak26j4o;;0;0;0;0
152241021553;;;;"Кошки;Собаки";"АЗИТРОКОКС 50 мг";"Антибактериальный препарат группы макролидов";"<strong style=""color: rgb(4, 77, 39);"">ПРЕИМУЩЕСТВА </strong><br />Азитромицин – макролидный антибиотик подгруппы азалидов. Обладает широким спектром бактериостатического действия в отношении грамотрицательных (<em>Actinobacillus pleuropneumoniae, Actinobacilluslignieresi, Mannheimia (Pasteurella) haemolytica, Pasteurellamultocida, Haemophilusspp., Moraxellaspp., Bordetellaspp., Campylobacterspp., Salmonellaspp., Escherichia coli</em>) и грамположительных бактерий (<em>Listeria monocytogenes, Staphylococcus spp., Streptococcusspp., Clostridiumperfringens</em>), а также <em>Chlamydiaspp. и Mycoplasmaspp.</em><br />Связываясь с 50S субъединицей рибосом, азитромицин угнетает пептидтранслоказу на стадии трансляции, подавляет синтез белка, замедляет рост и размножение бактерий, в высоких концентрациях оказывает бактерицидный эффект. Действует на вне- и внутриклеточных возбудителей. Концентрации в тканях и клетках в 10-50 раз выше, чем в плазме, а в очаге инфекции – на 20 - 30 % больше, чем в здоровых тканях.<br />Азитромицин хорошо всасывается при пероральном применении, в больших количествах накапливается в тканях и, особенно в лейкоцитах, макрофагоцитах и фибробластах. Выводится из организма главным образом почками и с желчью.<br /><strong style=""color: rgb(4, 77, 39);"">ПОКАЗАНИЯ К ПРИМЕНЕНИЮ</strong><br />Препарат применяют для лечения собак и кошек при болезнях органов дыхания (пневмония, бронхопневмония, бронхит, ларинготрахеит), желудочно-кишечного тракта сопровождающихся диарейным синдромом, болезнях почек и мочевыводящих путей, пиометре, вагините, пиодерме, артрите, бурсите, гингивите, периодонтите, конъюнктивите, панофтальмите, при послеоперационных (раневых) инфекциях, хламидиозе, микоплазмозе, и других инфекционных болезнях, возбудители которых чувствительны к азитромицину.<br /><strong style=""color: rgb(4, 77, 39);"">ПОРЯДОК ПРИМЕНЕНИЯ</strong><br />Собакам и кошкам препарат применяют индивидуально перорально один раз в сутки во время кормления в дозе 7,5-15 мг азитромицина на 1 кг массы животного.<br /><strong style=""color: rgb(4, 77, 39);"">ФОРМА ВЫПУСКА </strong><br />Таблетки<br /><strong style=""color: rgb(4, 77, 39);"">СРОК ГОДНОСТИ И УСЛОВИЯ ХРАНЕНИЯ</strong><br />Препарат хранят в упаковке производителя при температуре от 2 ºС до 25 ºС. Хранят в недоступном для детей месте, отдельно от продуктов питания и кормов. Препарат транспортируют, соблюдая условия хранения.<br />Срок годности при соблюдении условий хранения – 2 года от даты производства. Не применять по истечении срока годности. Препарат с истекшим сроком годности уничтожают в соответствии с требованиями действующего законодательства.<br /><strong style=""color: rgb(4, 77, 39);"">СОСТАВ</strong><br />В одной таблетке Азитрококс 50 мг содержится соответственно 50 мг азитромицина (в форме азитромицина дигидрата); вспомогательные вещества: лактозы моногидрат, дрожжи неактивные, целлюлоза микрокристаллическая, поливинилпирролидон, кросповидон, аспасвит Ц200, ароматическая добавка, кальция стеарат, тальк.<br /><br />";https://static.tildacdn.com/stor6233-3432-4430-b037-626136386566/0b62516693dfb7df62c667a989c3678c.png;0;;;;;CMAcKhBmdmHTVazr5ItG;;0;0;0;0
945924757853;;;;"Кошки;Собаки";"АЗИТРОКОКС 200 мг";"Антибактериальный препарат группы макролидов";"<strong style=""color: rgb(4, 77, 39);"">ПРЕИМУЩЕСТВА </strong><br />Азитромицин – макролидный антибиотик подгруппы азалидов. Обладает широким спектром бактериостатического действия в отношении грамотрицательных (<em>Actinobacillus pleuropneumoniae, Actinobacilluslignieresi, Mannheimia (Pasteurella) haemolytica, Pasteurellamultocida, Haemophilusspp., Moraxellaspp., Bordetellaspp., Campylobacterspp., Salmonellaspp., Escherichia coli</em>) и грамположительных бактерий (<em>Listeria monocytogenes, Staphylococcus spp., Streptococcusspp., Clostridiumperfringens</em>), а также <em>Chlamydiaspp. и Mycoplasmaspp.</em><br />Связываясь с 50S субъединицей рибосом, азитромицин угнетает пептидтранслоказу на стадии трансляции, подавляет синтез белка, замедляет рост и размножение бактерий, в высоких концентрациях оказывает бактерицидный эффект. Действует на вне- и внутриклеточных возбудителей. Концентрации в тканях и клетках в 10-50 раз выше, чем в плазме, а в очаге инфекции – на 20 - 30 % больше, чем в здоровых тканях.<br />Азитромицин хорошо всасывается при пероральном применении, в больших количествах накапливается в тканях и, особенно в лейкоцитах, макрофагоцитах и фибробластах. Выводится из организма главным образом почками и с желчью.<br /><strong style=""color: rgb(4, 77, 39);"">ПОКАЗАНИЯ К ПРИМЕНЕНИЮ</strong><br />Препарат применяют для лечения собак и кошек при болезнях органов дыхания (пневмония, бронхопневмония, бронхит, ларинготрахеит), желудочно-кишечного тракта сопровождающихся диарейным синдромом, болезнях почек и мочевыводящих путей, пиометре, вагините, пиодерме, артрите, бурсите, гингивите, периодонтите, конъюнктивите, панофтальмите, при послеоперационных (раневых) инфекциях, хламидиозе, микоплазмозе, и других инфекционных болезнях, возбудители которых чувствительны к азитромицину.<br /><strong style=""color: rgb(4, 77, 39);"">ПОРЯДОК ПРИМЕНЕНИЯ</strong><br />Собакам и кошкам препарат применяют индивидуально перорально один раз в сутки во время кормления в дозе 7,5-15 мг азитромицина на 1 кг массы животного.<br /><strong style=""color: rgb(4, 77, 39);"">ФОРМА ВЫПУСКА </strong><br />Таблетки<br /><strong style=""color: rgb(4, 77, 39);"">СРОК ГОДНОСТИ И УСЛОВИЯ ХРАНЕНИЯ</strong><br />Препарат хранят в упаковке производителя при температуре от 2 ºС до 25 ºС. Хранят в недоступном для детей месте, отдельно от продуктов питания и кормов. Препарат транспортируют, соблюдая условия хранения.<br />Срок годности при соблюдении условий хранения – 2 года от даты производства. Не применять по истечении срока годности. Препарат с истекшим сроком годности уничтожают в соответствии с требованиями действующего законодательства.<br /><strong style=""color: rgb(4, 77, 39);"">СОСТАВ</strong><br />В одной таблетке Азитрококс 200 мг содержится соответственно 200 мг азитромицина (в форме азитромицина дигидрата); вспомогательные вещества: лактозы моногидрат, дрожжи неактивные, целлюлоза микрокристаллическая, поливинилпирролидон, кросповидон, аспасвит Ц200, ароматическая добавка, кальция стеарат, тальк.";https://static.tildacdn.com/stor6232-3433-4839-b933-343838363266/e79c3b9e6983a3dcae83f410f7caa63c.png;0;;;;;Zkg1mEb19Nz7HY47YmtD;;0;0;0;0
142118777793;;;;"Кошки;Собаки";"АЗИТРОВЕТ 50 мг";"Таблетки для перорального применения";"<strong style=""color: rgb(4, 77, 39);"">ПРЕИМУЩЕСТВА </strong><br />Азитровет 50 мг/0,5 мг относится к комбинированным ветеринарным лекарственным препаратам с антибактериальным, анальгезирующим, жаропонижающим и противовоспалительным действием.<br /><strong style=""color: rgb(4, 77, 39);"">ПОКАЗАНИЯ К ПРИМЕНЕНИЮ</strong><br />Препарат применяют для лечения собак и кошек при болезнях бактериальной этиологии органов дыхания (пневмония, бронхопневмония, бронхит, ларинготрахеит), желудочно-кишечного тракта, сопровождающихся диарейным синдромом, инфекциях почек и мочевыводящих путей, пиометре, вагините, пиодерме, артрите, бурсите, гингивите, периодонтите, конъюнктивите, панофтальмите, при послеоперационных (раневых) инфекциях, хламидиозе, микоплазмозе, при вирусных инфекциях осложненных бактериальной флорой и других инфекционных болезнях, возбудители которых чувствительны к азитромицину.<br /><strong style=""color: rgb(4, 77, 39);"">ПОРЯДОК ПРИМЕНЕНИЯ</strong><br />Препарат применяют индивидуально перорально один раз в сутки, с равными интервалами, во время кормления в следующих дозах:<br />– первый день лечения – по 2 таблетки на 5 кг массы тела животного (эквивалентно 20 мг/кг азитромицина и 0,2 мг/кг мелоксикама);<br />– второй и последующие дни лечения – по 1 таблетке на 5 кг массы тела животного (эквивалентно 10 мг/кг азитромицина и 0,1 мг/кг мелоксикама).<br />Длительность применения препарата при остром течении заболевания составляет 3-5 дней, но при необходимости лечение может быть продлено в зависимости от состояния животного. При хроническом течении болезни курс лечения собак не должен превышать 12 дней, курс лечения кошек не должен превышать 5 дней.<br />После исчезновения клинических признаков заболевания препарат рекомендуется задавать еще в течение двух суток, но не более 12 дней собакам, 5 дней кошкам.<br /><strong style=""color: rgb(4, 77, 39);"">ФОРМА ВЫПУСКА </strong><br />Препарат выпускают расфасованным в блистеры по 6 или 10 таблеток, помещенные вместе с инструкцией по применению в индивидуальные картонные пачки.<br /><strong style=""color: rgb(4, 77, 39);"">СРОК ГОДНОСТИ И УСЛОВИЯ ХРАНЕНИЯ</strong><br />Препарат хранят в упаковке производителя по списку Б, в защищенном от света месте при температуре от плюс 2 °С до плюс 25 °С. Препарат хранят отдельно от продуктов питания и кормов, в недоступном для детей месте.<br />Срок годности при соблюдении условий хранения – 2 года от даты производства. Не применять по истечении срока годности.<br /><strong style=""color: rgb(4, 77, 39);"">СОСТАВ</strong><br />В одной таблетке содержится 50 мг азитромицина и 0,5 мг мелоксикама; вспомогательные вещества: лактозы моногидрат, дрожжи неактивные, целлюлоза микрокристаллическая, крахмал кукурузный, кросповидон, поливинилпирролидон низкомолекулярный, аспасвит Ц200, ароматизатор, кальция стеарат, тальк.";https://static.tildacdn.com/stor3461-3937-4463-b137-333736373837/429bf73cc7a273d7ff690dd94f391586.jpg;0;;;;;5rRUgHpvyZok7Mm1fTg4;;0;0;0;0
903725031813;;;;Собаки;"АЗИТРОВЕТ 200 мг";"Таблетки для перорального применения.";"<strong style=""color: rgb(4, 77, 39);"">ПРЕИМУЩЕСТВА </strong><br />Азитровет 200 мг/2 мг относится к комбинированным ветеринарным лекарственным препаратам с антибактериальным, анальгезирующим, жаропонижающим и противовоспалительным действием.<br /><strong style=""color: rgb(4, 77, 39);"">ПОКАЗАНИЯ К ПРИМЕНЕНИЮ</strong><br />Препарат применяют для лечения собак при болезнях бактериальной этиологии органов дыхания (пневмония, бронхопневмония, бронхит, ларинготрахеит), желудочнокишечного тракта, сопровождающихся диарейным синдромом, инфекциях почек и мочевыводящих путей, пиометре, вагините, пиодерме, артрите, бурсите, гингивите, периодонтите, конъюнктивите, панофтальмите, при послеоперационных (раневых) инфекциях, хламидиозе, микоплазмозе, при вирусных инфекциях осложненных бактериальной флорой и других инфекционных болезнях, возбудители которых чувствительны к азитромицину. <br /><strong style=""color: rgb(4, 77, 39);"">ПОРЯДОК ПРИМЕНЕНИЯ</strong><br />Препарат применяют индивидуально перорально один раз в сутки, с равными интервалами, во время кормления в следующих дозах: первый день лечения - по 2 таблетки на 20 кг массы тела животного (эквивалентно 20 мг/кг азитромицина и 0,2 мг/кг мелоксикама); - второй и последующие дни лечения - по 1 таблетке на 20 кг массы тела животного (эквивалентно 10 мг/кг азитромицина и 0,1 мг/кг мелоксикама). Длительность применения препарата при остром течении заболевания составляет 3-5 дней, но при необходимости лечение может быть продлено в зависимости от состояния животного. При хроническом течении болезни курс лечения не должен превышать дней. 12 После исчезновения клинических признаков заболевания препарат рекомендуется задавать еще в течение двух суток, но не более 12 дней собакам, 5 дней кошкам.<br /><strong style=""color: rgb(4, 77, 39);"">ФОРМА ВЫПУСКА </strong><br />Препарат выпускают расфасованным в блистеры по 6 или 10 таблеток, помещенные вместе с инструкцией по применению в индивидуальные картонные пачки.<br /><strong style=""color: rgb(4, 77, 39);"">СРОК ГОДНОСТИ И УСЛОВИЯ ХРАНЕНИЯ</strong><br />Препарат хранят в упаковке производителя по списку Б, в защищенном от света месте при температуре от плюс 2 °С до плюс 25 °С. Препарат хранят отдельно от продуктов питания и кормов, в недоступном для детей месте. <br />Срок годности при соблюдении условий хранения - 2 года от даты производства.<br /><strong style=""color: rgb(4, 77, 39);"">СОСТАВ</strong><br />В одной таблетке содержится 200 мг азитромицина и 2 мг мелоксикама; вспомогательные вещества: лактозы моногидрат, дрожжи неактивные, целлюлоза микрокристаллическая, крахмал кукурузный, кросповидон, поливинилпирролидон низкомолекулярный, аспасвит Ц200, ароматизатор, кальция стеарат, тальк.";https://static.tildacdn.com/stor3661-3561-4265-b331-646664626461/b2beeaebddb60a6d15a8cedb7d15eb2a.jpg;0;;;;;4seEcGEVFnliiKj02zMb;;0;0;0;0
334507772373;;;;"Кошки;Собаки";"МАРБОФЛОКС 5 мг";"Таблетки для перорального применения";"<strong style=""color: rgb(4, 77, 39);"">ПРЕИМУЩЕСТВА </strong><br />Таблетки Марбофлокс 5 мг – антибактериальный ветеринарный препарат группы фторхинолонов.<br /><strong style=""color: rgb(4, 77, 39);"">ПОКАЗАНИЯ К ПРИМЕНЕНИЮ</strong><br />Препарат применяют для лечения собак и кошек при болезнях органов дыхания (пневмония, бронхит, фарингит), почек и мочевыводящих путей (нефрит, пиелит, цистит, уретрит), инфекций кожи (пиодермия и др.), мягких тканей (флегмона и др.), инфицированных ранах, отитах, сальмонеллезе, колибактериозе, псевдомонозе, и других болезнях бактериальной и микоплазмозной этиологии, возбудители которых чувствительны к марбофлоксацину.<br /><strong style=""color: rgb(4, 77, 39);"">ПОРЯДОК ПРИМЕНЕНИЯ</strong><br />Препарат задают один раз в сутки, индивидуально в раздробленном виде с кормом или вводят принудительно на корень языка в суточной дозе 2 мг марбофлоксацина на 1 кг массы животного (1 таблетка на 2,5 кг массы животного).<br />Продолжительность лечения собак составляет от 7 до 14 дней, кошек - от 3 до 10 дней, в зависимости от течения заболевания.<br /><strong style=""color: rgb(4, 77, 39);"">ФОРМА ВЫПУСКА </strong><br />Препарат выпускают расфасованным по 10 таблеток в блистеры, помещенные вместе с инструкцией по применению в индивидуальные картонные пачки.<br /><strong style=""color: rgb(4, 77, 39);"">СРОК ГОДНОСТИ И УСЛОВИЯ ХРАНЕНИЯ</strong><br />Препарат хранят в упаковке производителя по списку Б, в защищенном от света месте при температуре от плюс 2 °С до плюс 25 °С. Препарат хранят отдельно от продуктов питания и кормов, в недоступном для детей месте.<br />Срок годности препарата при соблюдении условий хранения – 3 года от даты производства. Не применять по истечении срока годности.<br /><strong style=""color: rgb(4, 77, 39);"">СОСТАВ</strong><br />В одной таблетке содержится в качестве действующего вещества 5 мг марбофлоксацина; вспомогательные вещества: лактозы моногидрат, целлюлоза микрокристаллическая, крахмал кукурузный, дрожжи неактивные, поливинилпирролидон низкомолекулярный, кросповидон, ароматизатор, аспасвит Ц200, кальция стеарат, тальк.";https://static.tildacdn.com/stor6536-3039-4436-b930-643866353533/63e6fe6827d09a656eb7e7d6519677b4.jpg;0;;;;;orB61hUOJt7gA3OZfZvZ;;0;0;0;0
878836526263;;;;"Кошки;Собаки";"МАРБОФЛОКС 20 мг";"Таблетки для перорального применения";"<strong style=""color: rgb(4, 77, 39);"">ПРЕИМУЩЕСТВА </strong><br />Таблетки Марбофлокс 20 мг – антибактериальный ветеринарный препарат группы фторхинолонов<br /><strong style=""color: rgb(4, 77, 39);"">ПОКАЗАНИЯ К ПРИМЕНЕНИЮ</strong><br />Препарат применяют для лечения собак и кошек при болезнях органов дыхания (пневмония, бронхит, фарингит), почек и мочевыводящих путей (нефрит, пиелит, цистит, уретрит), инфекций кожи (пиодермия и др.), мягких тканей (флегмона и др.), инфицированных ранах, отитах, сальмонеллезе, колибактериозе, псевдоманозе, и других болезнях бактериальной и микоплазмозной этиологии, возбудители которых чувствительны к марбофлоксацину.<br /><strong style=""color: rgb(4, 77, 39);"">ПОРЯДОК ПРИМЕНЕНИЯ</strong><br />Препарат задают один раз в сутки, с равными интервалами, индивидуально в раздробленном виде с кормом или вводят принудительно на корень языка в суточной дозе 2 мг марбофлоксацина на 1 кг массы животного (1 таблетка на 10 кг массы животного).<br />Продолжительность лечения собак составляет от 7 до 14 дней, кошек - от 3 до 10 дней, в зависимости от течения заболевания.<br /><strong style=""color: rgb(4, 77, 39);"">ФОРМА ВЫПУСКА </strong><br />Препарат выпускают расфасованным по 10 таблеток в блистеры, помещенные вместе с инструкцией по применению в индивидуальные картонные пачки.<br /><strong style=""color: rgb(4, 77, 39);"">СРОК ГОДНОСТИ И УСЛОВИЯ ХРАНЕНИЯ</strong><br />Препарат хранят в упаковке производителя по списку Б, в защищенном от света месте при температуре от плюс 2 °С до плюс 25 °С. Препарат хранят отдельно от продуктов питания и кормов, в недоступном для детей месте.<br />Срок годности препарата при соблюдении условий хранения – 3 года от даты производства. Не применять по истечении срока годности.<br /><strong style=""color: rgb(4, 77, 39);"">СОСТАВ</strong><br />В одной таблетке содержится в качестве действующего вещества 20 мг марбофлоксацина; вспомогательные вещества: лактозы моногидрат, целлюлоза микрокристаллическая, крахмал кукурузный, дрожжи неактивные, поливинилпирролидон низкомолекулярный, кросповидон, ароматизатор, аспасвит Ц200, кальция стеарат, тальк.";https://static.tildacdn.com/stor6338-3434-4461-b834-643333613631/857a725f98a7a03680604d08665b4af8.jpg;0;;;;;sUJIKg1UUt9xJthrVdUI;;0;0;0;0
446858425873;;;;Собаки;"МАРБОФЛОКС 40 мг";"Таблетки для перорального применения.";"<strong style=""color: rgb(4, 77, 39);"">ПРЕИМУЩЕСТВА </strong><br />Таблетки Марбофлокс 40 мг - антибактериальный ветеринарный препарат группы фторхинолонов. <br /><strong style=""color: rgb(4, 77, 39);"">ПОКАЗАНИЯ К ПРИМЕНЕНИЮ</strong><br />Препарат обладает широким спектром бактерицидного действия, основанного на подавлении бактериальных ферментов ДНК-гиразы и топоизомеразы IV, участвующих в репликации ДНК микроорганизмов. Марбофлоксацин активен в отношении грамположительных (Staphylococcus spp., Streptococcus spp.) и грамотрицательных микроорганизмов (Escherichia coli, Pasteurella spp., Klebsiella spp., Actinobacillus spp., Pseudomonas spp., Salmonella spp., Citrobacter spр., Campylobacter spp., Brucella canis, Enterobacter spp., и др.), Yersenia spp., а также Treponema spp., микоплазм (Мусoplasma spp.) и хламидий (Chlamydia spp.). Препарат не вызывает эндотоксикоза после лизиса микроорганизмов. <br /><strong style=""color: rgb(4, 77, 39);"">ПОРЯДОК ПРИМЕНЕНИЯ</strong><br />После перорального введения марбофлоксацин хорошо всасывается в желудочнокишечном тракте и проникает во все органы и ткани организма. Связь препарата с белками у собак около 10%. Биодоступность у собак составляет 94%. Максимальная концентрация в плазме крови достигается приблизительно через 1,5 часа. Период полувыведения составляет 9-12 часов. Приблизительно 40% препарата выводится в неизмененном виде почками, остальное выделяется с желчью и фекалиями. Только около 15% метаболизируется в печени. <br /><strong style=""color: rgb(4, 77, 39);"">ФОРМА ВЫПУСКА </strong><br />Препарат выпускают расфасованным по 6 или 10 таблеток в блистеры, помещенные вместе с инструкцией по применению в индивидуальные картонные пачки. <br /><strong style=""color: rgb(4, 77, 39);"">СРОК ГОДНОСТИ И УСЛОВИЯ ХРАНЕНИЯ</strong><br />Препарат хранят в упаковке производителя по списку Б, в защищенном от света месте при температуре от плюс 2 °С до плюс 25 °С. Препарат хранят отдельно от продуктов питания и кормов, в недоступном для детей месте.<br />Срок годности препарата при соблюдении условий хранения - 3 года от даты производства. Не применять по истечении срока годности.<br /><strong style=""color: rgb(4, 77, 39);"">СОСТАВ</strong><br />В одной таблетке содержится в качестве действующего вещества 40 мг марбофлоксацина; вспомогательные вещества: лактозы моногидрат, целлюлоза микрокристаллическая, крахмал кукурузный, дрожжи неактивные, поливинилпирролидон низкомолекулярный, кросповидон, ароматизатор, аспасвит Ц200, кальция стеарат, тальк.";https://static.tildacdn.com/stor6339-3631-4530-b762-323133616266/108af0d3cf8573ced3a7dffc11f1b6f6.png;0;;;;;6AXO1eZ9byOTGcYTRdym;;0;0;0;0
571447140063;;;;"Кошки;Собаки";"МАРБОФЛОКС РАСТВОР 2%";"Раствор для инъекций";"<strong style=""color: rgb(4, 77, 39);"">ПРЕИМУЩЕСТВА </strong><br />Марбофлокс 2 % - антибактериальный препарат из группы фторхинолонов.<br /><strong style=""color: rgb(4, 77, 39);"">ПОКАЗАНИЯ К ПРИМЕНЕНИЮ</strong><br />Препарат применяют собакам, кошкам, телятам и свиньям при стафилокок-козе, стрептококкозе, колибактериозе, сальмонеллезе, псевдомонозе, пастереллезе, микоплазмозе, хламидиозе, кампилобактериозе, а также при болезнях органов дыхания, почек и мочевыводящих путей, при инфекциях кожи, мягких тканей, инфицированных ранах и других болезнях животных, возбудители которых чувствительны к марбофлоксацину; для профилактики раневых инфекций собакам и кошкам при хирургических вмешательствах.<br /><strong style=""color: rgb(4, 77, 39);"">ПОРЯДОК ПРИМЕНЕНИЯ</strong><br />Собакам и кошкам при стафилококкозе, стрептококкозе, колибактериозе, сальмонеллезе, псевдомонозе, пастереллезе, микоплазмозе, хламидиозе, болезнях органов дыхания, инфицированных ранах и абсцессах препарат вводят подкожно один раз в сутки в дозе 1 мл/10 кг массы тела животного в течение 3-5 дней.<br />При инфекциях почек и мочевыводящих путей у собак препарат вводят подкожно один раз в сутки в дозе 2 мл/10 кг массы тела животного. Курс лечения - три инъекции с интервалом в 4 дня. Для профилактики раневых инфекций при хирургических вмешательствах у собак и кошек препарат вводят в дозе 1мл/10 кг массы тела животного внутривенно однократно сразу после операции.<br />Телятам препарат вводят подкожно или внутримышечно, свиньям - внутримышечно, один раз в сутки в дозе 1 мл/10 кг массы тела животного в течение 3-5 дней. Возможно однократное применение препарата телятам внутримышечно в дозе 4 мл/10 кг массы тела животного. Максимальный объем препарата для введения в одно место не должен превышать 20 мл.<br /><strong style=""color: rgb(4, 77, 39);"">ФОРМА ВЫПУСКА </strong><br />Препарат выпускают в стеклянных флаконах по 20 и 100 мл.<br /><strong style=""color: rgb(4, 77, 39);"">СРОК ГОДНОСТИ И УСЛОВИЯ ХРАНЕНИЯ</strong><br />Препарат хранят в упаковке производителя в защищенном от света месте при температуре от плюс 2 °С до плюс 25 °С. Препарат хранят отдельно от продуктов питания и кормов, в недоступном для детей месте.<br />Срок годности, при соблюдении условий хранения - 3 года от даты изготовления, после вскрытия флакона — не более 28 суток.<br /><strong style=""color: rgb(4, 77, 39);"">СОСТАВ</strong><br />В 1,0 мл препарата содержится в качестве действующего вещества 20 мг марбофлоксацина, а так же вспомогательные вещества: глюконолактон, монотиоглицерол, метакрезол, натрия эдетат, вода для инъекций.";https://static.tildacdn.com/stor3635-6434-4061-b564-373663653935/d66e27ed6dacf456013ea5c0b4116c4b.png;0;;;;;Z4maKUrrRblpFo92dnRm;;0;0;0;0
300168138683;;;;Собаки;"суспензия ВЕРАНТЕЛ для собак и щенков";"Суспензия для орального применения.";"<strong style=""color: rgb(4, 77, 39);"">ПРЕИМУЩЕСТВА </strong><br />Верантел для собак и щенков - комплексный антигельминтный препарат широкого спектра действия.<br /><strong style=""color: rgb(4, 77, 39);"">ПОКАЗАНИЯ К ПРИМЕНЕНИЮ</strong><br />Препарат применяют взрослым собакам и щенкам с 3-недельного возраста с профилактической и лечебной целью при желудочно-кишечных нематодозах (токсокароз, токсаскаридоз, унцинариоз, трихоцефалез, анкилостомоз), цестодозах (тениидоз, дипилидиоз, эхинококкоз, дифиллоботриоз, мезоцестоидоз) и смешанных нематодоцестодозных инвазиях. <br /><strong style=""color: rgb(4, 77, 39);"">ПОРЯДОК ПРИМЕНЕНИЯ</strong><br />Препарат задают внутрь, индивидуально, в утреннее время с небольшим количеством корма или непосредственно вливают в защечную область при помощи шприца-дозатора в дозе 1 мл на 2 кг массы тела животного. Для удобства применения рекомендовано использование препарата для собак массой тела до 10 кг. Предварительного голодного режима перед дегельминтизацией и применения c слабительных средств после применения препарата не требуется. С лечебной целью животных дегельминтизируют по показаниям, с профилактической целью - каждые 3-6 месяцев в вышеуказанной дозе, а также за 14 суток до вакцинации. С лечебной целью и для профилактики при групповом (скученном) содержании животных (питомники, приюты, виварии), а также при сильной степени инвазии, обработку проводят двукратно с интервалом 14 суток. Перед применением флакон с препаратом необходимо взболтать до образования однородной суспензии.<br /><strong style=""color: rgb(4, 77, 39);"">ФОРМА ВЫПУСКА </strong><br />Препарат выпускают в полимерных флаконах по 10 мл вместе со шприцомдозатором.<br /><strong style=""color: rgb(4, 77, 39);"">СРОК ГОДНОСТИ И УСЛОВИЯ ХРАНЕНИЯ</strong><br />Препарат хранят в упаковке производителя в защищенном от света месте при температуре от плюс 2 °С до плюс 25 °С. Препарат хранят отдельно от продуктов питания и кормов, в недоступном для детей месте. 1.6 Срок годности - 2 года от даты изготовления, после вскрытия флакона - не более 3 месяцев, при температуре от плюс 2 °С до плюс 8 °C.<br /><strong style=""color: rgb(4, 77, 39);"">СОСТАВ</strong><br />В 1,0 мл препарата содержится в качестве действующих веществ 28 мг пирантела памоата, 28 мг фебантела и 10 мг празиквантела; вспомогательные вещества: глицерин, полисорбат, натрия бензоат, метилпарагидроксибензоат, эмульсия симетикона, аспасвит Ц200, ароматизатор «Мед», кремния диоксид коллоидный, ксантановая камедь, вода очищенная.";https://static.tildacdn.com/stor3061-6164-4563-a437-346537613462/3fc00acd1be00abac5e806fbd9f1aff2.png;0;;;;;djHcZURk7Grj3bTNMrVF;;0;0;0;0
138026171073;;;;Собаки;"суспензия ВЕРАНТЕЛ XL для собак и щенков";"Суспензия для орального применения.";"<strong style=""color: rgb(4, 77, 39);"">ПРЕИМУЩЕСТВА </strong><br />Верантел для собак и щенков XL - комплексный антигельминтный широкого спектра действия.<br /><strong style=""color: rgb(4, 77, 39);"">ПОКАЗАНИЯ К ПРИМЕНЕНИЮ</strong><br />Препарат применяют взрослым собакам и щенкам с 3-недельного возраста с профилактической и лечебной целью при желудочно-кишечных нематодозах (токсокароз, токсаскаридоз, унцинариоз, трихоцефалез, анкилостомоз), цестодозах (тениидоз, дипилидиоз, эхинококкоз, дифиллоботриоз, мезоцестоидоз) и смешанных нематодоцестодозных инвазиях. <br /><strong style=""color: rgb(4, 77, 39);"">ПОРЯДОК ПРИМЕНЕНИЯ</strong><br />Препарат задают внутрь, индивидуально, в утреннее время с небольшим количеством корма или непосредственно вливают в защечную область при помощи шприца-дозатора в дозе 1 мл на 4 кг массы тела животного. Для удобства применения рекомендовано использование препарата для собак с массой тела свыше 10 кг. Предварительного голодного режима перед дегельминтизацией и применения слабительных средств после применения препарата не требуется. С лечебной целью животных дегельминтизируют по показаниям, с профилактической целью - каждые 3-6 месяцев в вышеуказанной дозе, а также за 14 суток до вакцинации. С лечебной целью и для профилактики при групповом (скученном) содержании животных (питомники, приюты, виварии), а также при сильной степени инвазии, обработку проводят двукратно с интервалом 14 суток. Перед применением флакон с препаратом необходимо взболтать до образования однородной суспензии.<br /><strong style=""color: rgb(4, 77, 39);"">ФОРМА ВЫПУСКА </strong><br />Препарат выпускают в полимерных флаконах по 10 мл вместе со шприцомдозатором. <br /><strong style=""color: rgb(4, 77, 39);"">СРОК ГОДНОСТИ И УСЛОВИЯ ХРАНЕНИЯ</strong><br />Препарат хранят в упаковке производителя в защищенном от света месте при температуре от плюс 2 °С до плюс 25 °С. Препарат хранят отдельно от продуктов питания и кормов, в недоступном для детей месте.<br />Срок годности - 2 года от даты изготовления, после вскрытия флакона - не более 3 месяцев, при температуре от плюс 2 °С до плюс 8 °C.<br /><strong style=""color: rgb(4, 77, 39);"">СОСТАВ</strong><br />В 1,0 мл препарата содержится в качестве действующих веществ 56 мг пирантела памоата, 56 мг фебантела и 20 мг празиквантела; вспомогательные вещества: глицерин, полисорбат, натрия бензоат, метилпарагидроксибензоат, эмульсия симетикона, аспасвит Ц200, ароматизатор «Мед», кремния диоксид коллоидный, ксантановая камедь, вода очищенная.";https://static.tildacdn.com/stor6566-6365-4162-b233-663032313236/7d34acbccf955d14ad712620443e2256.png;0;;;;;pTzpZUKkODsMZ0PjoM0f;;0;0;0;0
776457540223;;;;Собаки;"таблетки ВЕРАНТЕЛ-ПЛЮС для собак";;"<strong style=""color: rgb(4, 77, 39);"">ПРЕИМУЩЕСТВА </strong><br />Таблетки Верантел-плюс - комплексный антигельминтный препарат широкого спектра действия.<br /><strong style=""color: rgb(4, 77, 39);"">ПОКАЗАНИЯ К ПРИМЕНЕНИЮ</strong><br />Препарат применяют взрослым собакам и щенкам с 3-недельного возраста с лечебной и профилактической целью при желудочно-кишечных нематодозах (токсокароз, токсаскаридоз, унцинариоз, трихоцефалез, анкилостомоз), цестодозах (тениидоз, дипилидиоз, эхинококкоз, дифиллоботриоз, мезоцестоидоз) и смешанных нематодоцестодозных инвазиях. <br /><strong style=""color: rgb(4, 77, 39);"">ПОРЯДОК ПРИМЕНЕНИЯ</strong><br />Препарат задают внутрь, индивидуально, в утреннее время с небольшим количеством корма в дозе 1 таблетка на 10 кг массы тела животного. Предварительного голодного режима перед дегельминтизацией и применения слабительных средств после применения препарата не требуется.<br /><strong style=""color: rgb(4, 77, 39);"">ФОРМА ВЫПУСКА </strong><br />Препарат выпускают расфасованным по 2 или 6 таблеток в блистере, помещенном по 1 штуке вместе с инструкцией по применению в индивидуальную картонную пачку.<br /><strong style=""color: rgb(4, 77, 39);"">СРОК ГОДНОСТИ И УСЛОВИЯ ХРАНЕНИЯ</strong><br />Препарат хранят в упаковке производителя при температуре от 2 °С до 25 °С. Хранят в недоступном для детей месте, отдельно от продуктов питания и кормов. Препарат транспортируют, соблюдая условия хранения.<br />Срок годности при соблюдении условий хранения - 3 года от даты производства. Не применять по истечении срока годности. Препарат уничтожают в соответствии требованиями действующего законодательства.<br /><strong style=""color: rgb(4, 77, 39);"">СОСТАВ</strong><br />В 1 таблетке содержится 50 мг празиквантела, 144 мг пирантела памоата (пирантела эмбоната), 150 мг фебантела; вспомогательные вещества: лактоза, целлюлоза микрокристаллическая, крахмал кукурузный, поливинилпирролидон, кросповидон, ароматическая добавка, кальция стеарат, тальк.";https://static.tildacdn.com/stor3961-6338-4862-b233-383834376364/b2f4acbbfd850e87b20214f25264e320.png;0;;;;;nGE6X3yViJ0lEGLjTH39;;0;0;0;0
286913888373;;;;Собаки;"таблетки ВЕТЛАНЕР 112,5 мг";"Таблетки для приёма внутрь.";"<strong style=""color: rgb(4, 77, 39);"">ПРЕИМУЩЕСТВА </strong><br />Ветланер относится к фармакотерапевтической группе инсектоакарицидные средства. <br /><strong style=""color: rgb(4, 77, 39);"">ПОКАЗАНИЯ К ПРИМЕНЕНИЮ</strong><br />Препарат применяют собакам в целях: - профилактики и лечения при акарозах, вызываемых иксодовыми клещами; снижения риска заболевания бабезиозом, возбудитель которого передаётся иксодовыми клещами, инфицированными Babesia canis; - профилактики и лечения при энтомозах, вызываемых блохами; - комплексной терапии при аллергическом дерматите, вызываемого блохами; -предотвращения заражения дипилидиозом, передаваемым блохами, инфицированными личинками Dipylidium caninum; - лечения при демодекозе, вызванном Demodex canis; - лечения при саркоптозе, вызванном Sarcoptes scabier; - лечения при отодектозе, вызванном Otodectes cynotis. Инсектоакарицидное действие продолжается в течение 12 недель.<br /><strong style=""color: rgb(4, 77, 39);"">ПОРЯДОК ПРИМЕНЕНИЯ</strong><br />Препарат применяют индивидуально перорально во время кормления или незадолго до него в дозе 25-56 мг флураланера на 1 кг массы тела животного.<br /><strong style=""color: rgb(4, 77, 39);"">ФОРМА ВЫПУСКА </strong><br />Препарат выпускают расфасованным по 1 или 3 таблетки: Ветланер 112,5 мг, Ветланер 250 мг и Ветланер 500 мг - в блистер, Ветланер 1000 мг в полимерную банку; блистеры и полимерные банки помещают вместе с инструкцией по применению в индивидуальные картонные пачки.<br /><strong style=""color: rgb(4, 77, 39);"">СРОК ГОДНОСТИ И УСЛОВИЯ ХРАНЕНИЯ</strong><br />Препарат хранят и транспортируют в упаковке производителя при температуре от 2 °С до 25 °С. Хранят в недоступном для детей месте, отдельно от продуктов питания и кормов.<br />Срок годности при соблюдении условий хранения - 2 года от даты производства. Не применять по истечении срока годности. Препарат уничтожают в соответствии требованиями действующего законодательства.<br /><strong style=""color: rgb(4, 77, 39);"">СОСТАВ</strong><br />В 1,0 г препарата содержится 500 мг флураланера, а также вспомогательные вещества: лактозы моногидрат, дрожжи неактивные, целлюлоза микрокристаллическая, поливинилпирролидон, кросповидон, натрия лаурилсульфат, аспасвит 200, ароматическая добавка, кальция стеарат, тальк.";https://static.tildacdn.com/stor6233-6630-4665-a630-313638623133/29695236400c1968e20261393d68adf2.png;0;;;;;maNTxGlFmBTBtpZplHd4;;0;0;0;0
975783366243;;;;Собаки;"таблетки ВЕТЛАНЕР 250 мг";"Таблетки для приёма внутрь.";"<strong style=""color: rgb(4, 77, 39);"">ПРЕИМУЩЕСТВА </strong><br />Ветланер относится к фармакотерапевтической группе инсектоакарицидные средства. <br /><strong style=""color: rgb(4, 77, 39);"">ПОКАЗАНИЯ К ПРИМЕНЕНИЮ</strong><br />Препарат применяют собакам в целях: - профилактики и лечения при акарозах, вызываемых иксодовыми клещами; снижения риска заболевания бабезиозом, возбудитель которого передаётся иксодовыми клещами, инфицированными Babesia canis; - профилактики и лечения при энтомозах, вызываемых блохами; - комплексной терапии при аллергическом дерматите, вызываемого блохами; -предотвращения заражения дипилидиозом, передаваемым блохами, инфицированными личинками Dipylidium caninum; - лечения при демодекозе, вызванном Demodex canis; - лечения при саркоптозе, вызванном Sarcoptes scabier; - лечения при отодектозе, вызванном Otodectes cynotis. Инсектоакарицидное действие продолжается в течение 12 недель. <br /><strong style=""color: rgb(4, 77, 39);"">ПОРЯДОК ПРИМЕНЕНИЯ</strong><br />Препарат применяют индивидуально перорально во время кормления или незадолго до него в дозе 25-56 мг флураланера на 1 кг массы тела животного.<br /><strong style=""color: rgb(4, 77, 39);"">ФОРМА ВЫПУСКА </strong><br />Препарат выпускают расфасованным по 1 или 3 таблетки: Ветланер 112,5 мг, Ветланер 250 мг и Ветланер 500 мг - в блистер, Ветланер 1000 мг в полимерную банку; блистеры и полимерные банки помещают вместе с инструкцией по применению в индивидуальные картонные пачки.<br /><strong style=""color: rgb(4, 77, 39);"">СРОК ГОДНОСТИ И УСЛОВИЯ ХРАНЕНИЯ</strong><br />Препарат хранят и транспортируют в упаковке производителя при температуре от 2 °С до 25 °С. Хранят в недоступном для детей месте, отдельно от продуктов питания и кормов.<br />Срок годности при соблюдении условий хранения - 2 года от даты производства. Не применять по истечении срока годности. Препарат уничтожают в соответствии требованиями действующего законодательства. <br /><strong style=""color: rgb(4, 77, 39);"">СОСТАВ</strong><br />В 1,0 г препарата содержится 500 мг флураланера, а также вспомогательные вещества: лактозы моногидрат, дрожжи неактивные, целлюлоза микрокристаллическая, поливинилпирролидон, кросповидон, натрия лаурилсульфат, аспасвит 200, ароматическая добавка, кальция стеарат, тальк.";https://static.tildacdn.com/stor6334-6230-4066-b962-376533353735/55e954978bd05bc0f44bb67d81e35121.png;0;;;;;cLTGMXymIEzxnK06SFuS;;0;0;0;0
653975400843;;;;Собаки;"таблетки ВЕТЛАНЕР 500 мг";"Таблетки для приёма внутрь.";"<strong style=""color: rgb(4, 77, 39);"">ПРЕИМУЩЕСТВА </strong><br />Ветланер относится к фармакотерапевтической группе инсектоакарицидные средства. <br /><strong style=""color: rgb(4, 77, 39);"">ПОКАЗАНИЯ К ПРИМЕНЕНИЮ</strong><br />Препарат применяют собакам в целях: - профилактики и лечения при акарозах, вызываемых иксодовыми клещами; снижения риска заболевания бабезиозом, возбудитель которого передаётся иксодовыми клещами, инфицированными Babesia canis; - профилактики и лечения при энтомозах, вызываемых блохами; - комплексной терапии при аллергическом дерматите, вызываемого блохами; -предотвращения заражения дипилидиозом, передаваемым блохами, инфицированными личинками Dipylidium caninum; - лечения при демодекозе, вызванном Demodex canis; - лечения при саркоптозе, вызванном Sarcoptes scabier; - лечения при отодектозе, вызванном Otodectes cynotis. Инсектоакарицидное действие продолжается в течение 12 недель.<br /><strong style=""color: rgb(4, 77, 39);"">ПОРЯДОК ПРИМЕНЕНИЯ</strong><br />Препарат применяют индивидуально перорально во время кормления или незадолго до него в дозе 25-56 мг флураланера на 1 кг массы тела животного.<br /><strong style=""color: rgb(4, 77, 39);"">ФОРМА ВЫПУСКА </strong><br />Препарат выпускают расфасованным по 1 или 3 таблетки: Ветланер 112,5 мг, Ветланер 250 мг и Ветланер 500 мг - в блистер, Ветланер 1000 мг в полимерную банку; блистеры и полимерные банки помещают вместе с инструкцией по применению в индивидуальные картонные пачки.<br /><strong style=""color: rgb(4, 77, 39);"">СРОК ГОДНОСТИ И УСЛОВИЯ ХРАНЕНИЯ</strong><br />Препарат хранят и транспортируют в упаковке производителя при температуре от 2 °С до 25 °С. Хранят в недоступном для детей месте, отдельно от продуктов питания и кормов. <br />Срок годности при соблюдении условий хранения - 2 года от даты производства. Не применять по истечении срока годности. Препарат уничтожают в соответствии требованиями действующего законодательства. <br /><strong style=""color: rgb(4, 77, 39);"">СОСТАВ</strong><br />В 1,0 г препарата содержится 500 мг флураланера, а также вспомогательные вещества: лактозы моногидрат, дрожжи неактивные, целлюлоза микрокристаллическая, поливинилпирролидон, кросповидон, натрия лаурилсульфат, аспасвит 200, ароматическая добавка, кальция стеарат, тальк.";https://static.tildacdn.com/stor3364-3833-4365-b664-343138386436/f5c7de56f927a37c112ea55cbfff75f9.png;0;;;;;23s91evD3ybxkfr1A37b;;0;0;0;0
653163314543;;;;Собаки;"таблетки ВЕТЛАНЕР 1000 мг";"Таблетки для приёма внутрь.";"<strong style=""color: rgb(4, 77, 39);"">ПРЕИМУЩЕСТВА </strong><br />Ветланер относится к фармакотерапевтической группе инсектоакарицидные средства. <br /><strong style=""color: rgb(4, 77, 39);"">ПОКАЗАНИЯ К ПРИМЕНЕНИЮ</strong><br />Препарат применяют собакам в целях: - профилактики и лечения при акарозах, вызываемых иксодовыми клещами; снижения риска заболевания бабезиозом, возбудитель которого передаётся иксодовыми клещами, инфицированными Babesia canis; - профилактики и лечения при энтомозах, вызываемых блохами; - комплексной терапии при аллергическом дерматите, вызываемого блохами; -предотвращения заражения дипилидиозом, передаваемым блохами, инфицированными личинками Dipylidium caninum; - лечения при демодекозе, вызванном Demodex canis; - лечения при саркоптозе, вызванном Sarcoptes scabier; - лечения при отодектозе, вызванном Otodectes cynotis. Инсектоакарицидное действие продолжается в течение 12 недель.<br /><strong style=""color: rgb(4, 77, 39);"">ПОРЯДОК ПРИМЕНЕНИЯ</strong><br />Препарат применяют индивидуально перорально во время кормления или незадолго до него в дозе 25-56 мг флураланера на 1 кг массы тела животного. <br /><strong style=""color: rgb(4, 77, 39);"">ФОРМА ВЫПУСКА </strong><br />Препарат выпускают расфасованным по 1 или 3 таблетки: Ветланер 112,5 мг, Ветланер 250 мг и Ветланер 500 мг - в блистер, Ветланер 1000 мг в полимерную банку; блистеры и полимерные банки помещают вместе с инструкцией по применению в индивидуальные картонные пачки.<br /><strong style=""color: rgb(4, 77, 39);"">СРОК ГОДНОСТИ И УСЛОВИЯ ХРАНЕНИЯ</strong><br />Препарат хранят и транспортируют в упаковке производителя при температуре от 2 °С до 25 °С. Хранят в недоступном для детей месте, отдельно от продуктов питания и кормов. <br />Срок годности при соблюдении условий хранения - 2 года от даты производства. Не применять по истечении срока годности. Препарат уничтожают в соответствии требованиями действующего законодательства.<br /><strong style=""color: rgb(4, 77, 39);"">СОСТАВ</strong><br />В 1,0 г препарата содержится 500 мг флураланера, а также вспомогательные вещества: лактозы моногидрат, дрожжи неактивные, целлюлоза микрокристаллическая, поливинилпирролидон, кросповидон, натрия лаурилсульфат, аспасвит 200, ароматическая добавка, кальция стеарат, тальк.";https://static.tildacdn.com/stor3932-6665-4066-a265-663637366462/56982510296cc11aed9517fbebf1c302.png;0;;;;;AOn8KvnVs1ktbSn2MTNI;;0;0;0;0
556610967413;;;;Собаки;"таблетки ТРИЛАНЕР 3";Таблетки;"<strong style=""color: rgb(4, 77, 39);"">ПРЕИМУЩЕСТВА </strong><br />Триланер относится к препаратам фармакотерапевтической группы - противопаразитарные средства в комбинациях.<br /><strong style=""color: rgb(4, 77, 39);"">ПОКАЗАНИЯ К ПРИМЕНЕНИЮ</strong><br />Препарат применяют собакам как лечебно-профилактическое средство при:<br />иксодидозах; саркоптозе, демодекозе, отодектозе, ктеноцефалезе, бабезиозе, анаплазмозе;<br />дипилидиозе, токсикарозе, анкилостомидозе, унцинарозе, ангиостронгилезе, телязиозе, дирофиляриозе, а также в комплексном лечении при аллергическом блошином дерматите.<br /><strong style=""color: rgb(4, 77, 39);"">ПОРЯДОК ПРИМЕНЕНИЯ</strong><br />Препарат применяют вне зависимости от приема пищи индивидуально<br />перорально с руки, или в смеси с кормом, или вводят принудительно в пасть.<br /><strong style=""color: rgb(4, 77, 39);"">ФОРМА ВЫПУСКА </strong><br />Препарат вьmускают расфасованными по 3 таблетки:<br />Триланер 3 мг/0,06 мг/12,5 мг, Триланер 6 мг/0,12 мг/25 мг, Триланер 12 мг/0,24 мг/50 мг и Триланер 24 мг/0,48 мг/100 мг - в блистер, Триланер 48 мr/0,96 мг/200 мг - в полимерную банку. Блистеры и полимерные банки помещают по 1 штуке вместе с инструкцией по применению в индивидуальные картонные пачки.<br /><strong style=""color: rgb(4, 77, 39);"">СРОК ГОДНОСТИ И УСЛОВИЯ ХРАНЕНИЯ</strong><br />Препарат хранят в упаковке производителя при температуре от 2 °С до 25 °С.<br />Хранят в недоступном для детей месте, отдельно от продуктов питания и кормов.<br />Препарат транспортируют, собmодая условия хранения.<br />Срок годности при собmодении условий хранения - 2 года от даты<br />производства. Не применять по истечении срока годности.<br /><strong style=""color: rgb(4, 77, 39);"">СОСТАВ</strong><br />В 1,0 r препарата содержится 24 мг сароланера, 0,48 мг моксидектина и 100 мг<br />пирантела (в форме пирантела памоата), а также вспомогательные вещества: лактозы моногидрат, дрожжи неактивные, целmолоза микрокристаллическая,<br />поливинилпирролидон, кросповидон, аспасвит Ц200, ароматическая добавка, кальция стеарат, тальк.";https://static.tildacdn.com/stor3064-6566-4566-b661-386130343732/78955ff3c61503cc993728bd429ce13f.png;0;;;;;icaL0YVrk9n956xs19EI;;0;0;0;0
184805455613;;;;Собаки;"таблетки ТРИЛАНЕР 6";Таблетки;"<strong style=""color: rgb(4, 77, 39);"">ПРЕИМУЩЕСТВА </strong><br />Триланер относится к препаратам фармакотерапевтической группы - противопаразитарные средства в комбинациях.<br /><strong style=""color: rgb(4, 77, 39);"">ПОКАЗАНИЯ К ПРИМЕНЕНИЮ</strong><br />Препарат применяют собакам как лечебно-профилактическое средство при:<br />иксодидозах; саркоптозе, демодекозе, отодектозе, ктеноцефалезе, бабезиозе, анаплазмозе;<br />дипилидиозе, токсикарозе, анкилостомидозе, унцинарозе, ангиостронгилезе, телязиозе, дирофиляриозе, а также в комплексном лечении при аллергическом блошином дерматите.<br /><strong style=""color: rgb(4, 77, 39);"">ПОРЯДОК ПРИМЕНЕНИЯ</strong><br />Препарат применяют вне зависимости от приема пищи индивидуально<br />перорально с руки, или в смеси с кормом, или вводят принудительно в пасть.<br /><strong style=""color: rgb(4, 77, 39);"">ФОРМА ВЫПУСКА </strong><br />Препарат вьmускают расфасованными по 3 таблетки:<br />Триланер 3 мг/0,06 мг/12,5 мг, Триланер 6 мг/0,12 мг/25 мг, Триланер 12 мг/0,24 мг/50 мг и Триланер 24 мг/0,48 мг/100 мг - в блистер, Триланер 48 мr/0,96 мг/200 мг - в полимерную банку. Блистеры и полимерные банки помещают по 1 штуке вместе с инструкцией по применению в индивидуальные картонные пачки.<br /><strong style=""color: rgb(4, 77, 39);"">СРОК ГОДНОСТИ И УСЛОВИЯ ХРАНЕНИЯ</strong><br />Препарат хранят в упаковке производителя при температуре от 2 °С до 25 °С.<br />Хранят в недоступном для детей месте, отдельно от продуктов питания и кормов.<br />Препарат транспортируют, собmодая условия хранения.<br />Срок годности при собmодении условий хранения - 2 года от даты<br />производства. Не применять по истечении срока годности.<br /><strong style=""color: rgb(4, 77, 39);"">СОСТАВ</strong><br />В 1,0 r препарата содержится 24 мг сароланера, 0,48 мг моксидектина и 100 мг<br />пирантела (в форме пирантела памоата), а также вспомогательные вещества: лактозы моногидрат, дрожжи неактивные, целmолоза микрокристаллическая,<br />поливинилпирролидон, кросповидон, аспасвит Ц200, ароматическая добавка, кальция стеарат, тальк.";https://static.tildacdn.com/stor3131-3266-4636-b733-313065343362/928879ddc3e57acdf413aae0f112cdf0.png;0;;;;;O6grdaooaBv9vBUtgMEO;;0;0;0;0
808683106933;;;;Собаки;"таблетки ТРИЛАНЕР 12";Таблетки;"<strong style=""color: rgb(4, 77, 39);"">ПРЕИМУЩЕСТВА </strong><br />Триланер относится к препаратам фармакотерапевтической группы -<br />противопаразитарные средства в комбинациях.<br /><strong style=""color: rgb(4, 77, 39);"">ПОКАЗАНИЯ К ПРИМЕНЕНИЮ</strong><br />Препарат применяют собакам как лечебно-профилактическое средство при:<br />иксодидозах; саркоптозе, демодекозе, отодектозе, ктеноцефалезе, бабезиозе, анаплазмозе;<br />дипилидиозе, токсикарозе, анкилостомидозе, унцинарозе, ангиостронгилезе, телязиозе, дирофиляриозе, а также в комплексном лечении при аллергическом блошином дерматите.<br /><strong style=""color: rgb(4, 77, 39);"">ПОРЯДОК ПРИМЕНЕНИЯ</strong><br />Препарат применяют вне зависимости от приема пищи индивидуально<br />перорально с руки, или в смеси с кормом, или вводят принудительно в пасть.<br /><strong style=""color: rgb(4, 77, 39);"">ФОРМА ВЫПУСКА </strong><br />Препарат вьmускают расфасованными по 3 таблетки:<br />Триланер 3 мг/0,06 мг/12,5 мг, Триланер 6 мг/0,12 мг/25 мг, Триланер 12 мг/0,24 мг/50 мг<br />и Триланер 24 мг/0,48 мг/100 мг - в блистер, Триланер 48 мr/0,96 мг/200 мг - в<br />полимерную банку. Блистеры и полимерные банки помещают по 1 штуке вместе с<br />инструкцией по применению в индивидуальные картонные пачки.<br /><strong style=""color: rgb(4, 77, 39);"">СРОК ГОДНОСТИ И УСЛОВИЯ ХРАНЕНИЯ</strong><br />Препарат хранят в упаковке производителя при температуре от 2 °С до 25 °С.<br />Хранят в недоступном для детей месте, отдельно от продуктов питания и кормов.<br />Препарат транспортируют, собmодая условия хранения.<br />Срок годности при собmодении условий хранения - 2 года от даты<br />производства. Не применять по истечении срока годности. Препарат уничтожают в<br />соответствии с требованиями действующего законодательства.<br /><strong style=""color: rgb(4, 77, 39);"">СОСТАВ</strong><br />В 1,0 r препарата содержится 24 мг сароланера, 0,48 мг моксидектина и 100 мг<br />пирантела (в форме пирантела памоата), а также вспомогательные вещества: лактозы моногидрат, дрожжи неактивные, целmолоза микрокристаллическая,<br />поливинилпирролидон, кросповидон, аспасвит Ц200, ароматическая добавка, кальция стеарат, тальк.";https://static.tildacdn.com/stor3431-3264-4535-b237-326333336265/7120af29b7a4cf56790843368e952426.png;0;;;;;oNB3097UJ0Agp1RSSzer;;0;0;0;0
345074665093;;;;Собаки;"таблетки ТРИЛАНЕР 24";Таблетки;"<strong style=""color: rgb(4, 77, 39);"">ПРЕИМУЩЕСТВА </strong><br />Триланер относится к препаратам фармакотерапевтической группы -<br />противопаразитарные средства в комбинациях.<br /><strong style=""color: rgb(4, 77, 39);"">ПОКАЗАНИЯ К ПРИМЕНЕНИЮ</strong><br />Препарат применяют собакам как лечебно-профилактическое средство при:<br />иксодидозах; саркоптозе, демодекозе, отодектозе, ктеноцефалезе, бабезиозе, анаплазмозе;<br />дипилидиозе, токсикарозе, анкилостомидозе, унцинарозе, ангиостронгилезе, телязиозе, дирофиляриозе, а также в комплексном лечении при аллергическом блошином дерматите.<br /><strong style=""color: rgb(4, 77, 39);"">ПОРЯДОК ПРИМЕНЕНИЯ</strong><br />Препарат применяют вне зависимости от приема пищи индивидуально<br />перорально с руки, или в смеси с кормом, или вводят принудительно в пасть.<br /><strong style=""color: rgb(4, 77, 39);"">ФОРМА ВЫПУСКА </strong><br />Препарат вьmускают расфасованными по 3 таблетки:<br />Триланер 3 мг/0,06 мг/12,5 мг, Триланер 6 мг/0,12 мг/25 мг, Триланер 12 мг/0,24 мг/50 мг<br />и Триланер 24 мг/0,48 мг/100 мг - в блистер, Триланер 48 мr/0,96 мг/200 мг - в<br />полимерную банку. Блистеры и полимерные банки помещают по 1 штуке вместе с<br />инструкцией по применению в индивидуальные картонные пачки.<br /><strong style=""color: rgb(4, 77, 39);"">СРОК ГОДНОСТИ И УСЛОВИЯ ХРАНЕНИЯ</strong><br />Препарат хранят в упаковке производителя при температуре от 2 °С до 25 °С.<br />Хранят в недоступном для детей месте, отдельно от продуктов питания и кормов.<br />Препарат транспортируют, собmодая условия хранения.<br />Срок годности при собmодении условий хранения - 2 года от даты<br />производства. Не применять по истечении срока годности. Препарат уничтожают в<br />соответствии с требованиями действующего законодательства.<br /><strong style=""color: rgb(4, 77, 39);"">СОСТАВ</strong><br />В 1,0 r препарата содержится 24 мг сароланера, 0,48 мг моксидектина и 100 мг<br />пирантела (в форме пирантела памоата), а также вспомогательные вещества: лактозы моногидрат, дрожжи неактивные, целmолоза микрокристаллическая,<br />поливинилпирролидон, кросповидон, аспасвит Ц200, ароматическая добавка, кальция стеарат, тальк.";https://static.tildacdn.com/stor3137-3432-4263-a131-313730616639/c1962afeefede3819e659188538cd089.png;0;;;;;Cddhr9g67BXuzyruySz4;;0;0;0;0
615510462943;;;;Собаки;"таблетки ТРИЛАНЕР 48";Таблетки;"<strong style=""color: rgb(4, 77, 39);"">ПРЕИМУЩЕСТВА </strong><br />Триланер относится к препаратам фармакотерапевтической группы -<br />противопаразитарные средства в комбинациях.<br /><strong style=""color: rgb(4, 77, 39);"">ПОКАЗАНИЯ К ПРИМЕНЕНИЮ</strong><br />Препарат применяют собакам как лечебно-профилактическое средство при:<br />иксодидозах; саркоптозе, демодекозе, отодектозе, ктеноцефалезе, бабезиозе, анаплазмозе;<br />дипилидиозе, токсикарозе, анкилостомидозе, унцинарозе, ангиостронгилезе, телязиозе, дирофиляриозе, а также в комплексном лечении при аллергическом блошином дерматите.<br /><strong style=""color: rgb(4, 77, 39);"">ПОРЯДОК ПРИМЕНЕНИЯ</strong><br />Препарат применяют вне зависимости от приема пищи индивидуально<br />перорально с руки, или в смеси с кормом, или вводят принудительно в пасть.<br /><strong style=""color: rgb(4, 77, 39);"">ФОРМА ВЫПУСКА </strong><br />Препарат вьmускают расфасованными по 3 таблетки:<br />Триланер 3 мг/0,06 мг/12,5 мг, Триланер 6 мг/0,12 мг/25 мг, Триланер 12 мг/0,24 мг/50 мг<br />и Триланер 24 мг/0,48 мг/100 мг - в блистер, Триланер 48 мr/0,96 мг/200 мг - в<br />полимерную банку. Блистеры и полимерные банки помещают по 1 штуке вместе с<br />инструкцией по применению в индивидуальные картонные пачки.<br /><strong style=""color: rgb(4, 77, 39);"">СРОК ГОДНОСТИ И УСЛОВИЯ ХРАНЕНИЯ</strong><br />Препарат хранят в упаковке производителя при температуре от 2 °С до 25 °С.<br />Хранят в недоступном для детей месте, отдельно от продуктов питания и кормов.<br />Препарат транспортируют, собmодая условия хранения.<br />Срок годности при собmодении условий хранения - 2 года от даты<br />производства. Не применять по истечении срока годности. Препарат уничтожают в<br />соответствии с требованиями действующего законодательства.<br /><strong style=""color: rgb(4, 77, 39);"">СОСТАВ</strong><br />В 1,0 r препарата содержится 24 мг сароланера, 0,48 мг моксидектина и 100 мг<br />пирантела (в форме пирантела памоата), а также вспомогательные вещества: лактозы моногидрат, дрожжи неактивные, целmолоза микрокристаллическая,<br />поливинилпирролидон, кросповидон, аспасвит Ц200, ароматическая добавка, кальция стеарат, тальк.";https://static.tildacdn.com/stor6438-3038-4431-b239-663839343262/ea781d6124a901fd1149fc27018e4bb9.png;0;;;;;PH78i8D1hIFFyPlsA8eb;;0;0;0;0
325386434963;;;;Собаки;"таблетки БИКАРДИЛ 2,5 мг";"Таблетки для перорального применения.";"<strong style=""color: rgb(4, 77, 39);"">ПРЕИМУЩЕСТВА </strong><br />Таблетки Бикардил 2,5 мг/20 мг — комбинированный ветеринарный препарат (антагонист альдостерона + ингибитор ангиотензин превращающего фермента (АПФ). Беназеприл и спиронолактон оказывают действие на разном уровне ренинангиотензин-альдостероновой системы.<br /><strong style=""color: rgb(4, 77, 39);"">ПОКАЗАНИЯ К ПРИМЕНЕНИЮ</strong><br />Препарат применяют собакам для лечения при застойной сердечной недостаточности, обусловленной хронической дегенерацией клапанов сердца.<br /><strong style=""color: rgb(4, 77, 39);"">ПОРЯДОК ПРИМЕНЕНИЯ</strong><br />Препарат применяют собакам индивидуально перорально с кормом или в смеси с небольшим количеством корма, предложенным непосредственно перед основным кормлением, один раз в сутки в дозе 1 таблетка для собаки массой 5-10 кг (что соответствует 0,25-0,50 мг беназеприла гидрохлорида и 2-4 мг спиронолактона на 1 кг массы тела животного). Продолжительность курса лечения определяет лечащий врач в зависимости от клинического состояния животного и течения заболевания. <br /><strong style=""color: rgb(4, 77, 39);"">ФОРМА ВЫПУСКА </strong><br />Препарат выпускают расфасованным по 10 таблеток в блистеры, помещенные по 3 штуки вместе с инструкцией по применению в индивидуальные картонные пачки.<br /><strong style=""color: rgb(4, 77, 39);"">СРОК ГОДНОСТИ И УСЛОВИЯ ХРАНЕНИЯ</strong><br />Препарат хранят в упаковке производителя по списку Б, в защищенном от света месте при температуре от плюс 2 °С до плюс 25 °С. Препарат хранят отдельно от продуктов питания и кормов, в недоступном для детей месте.<br />Срок годности при соблюдении условий хранения - 2 года от даты производства.<br /><strong style=""color: rgb(4, 77, 39);"">СОСТАВ</strong>";https://static.tildacdn.com/stor6265-6266-4731-b434-623863643462/32cc57291aed74154ed66d34b737fa53.png;0;;;;;L5X1mT1VjTbeFCSMpTTZ;;0;0;0;0
273755513273;;;;Собаки;"таблетки БИКАРДИЛ 5 мг";"Таблетки для перорального применения.";"<strong style=""color: rgb(4, 77, 39);"">ПРЕИМУЩЕСТВА </strong><br />Таблетки Бикардил 5 мг/40 мг — комбинированный ветеринарный препарат (антагонист альдостерона + ингибитор ангиотензин превращающего фермента (АПФ). Беназеприл и спиронолактон оказывают действие на разном уровне ренинангиотензин-альдостероновой системы. Беназеприла гидрохлорид, входящий в состав препарата, гидролизуется в организме до фармакологически активного метаболита беназеприлата, являющегося избирательным ингибитором АПФ. Под действием беназеприлата неактивный ангиотензин І переходит в активный ангиотензин II, который контролирует вазоконстрикцию артерий и вен. Блокирование ангиотензина II предотвращает сужение кровеносных сосудов и выделение альдостерона. Фармакологически активные метаболиты спиронолактона, входящего в состав лекарственного препарата, 70-тиометил-спиронолактон и канренон, действуют как специфические антагонисты альдостерона, конкурентно связываясь с минералкортикокоидными рецепторами, расположенными в почках, сердце и сосудах. В результате увеличивается выведение ионов Na, Cl и воды, и уменьшается выведение ионов К, уменьшается внеклеточный объем воды, что приводит к снижению преднагрузки на сердце и уменьшению давления в левом предсердии. <br /><strong style=""color: rgb(4, 77, 39);"">ПОКАЗАНИЯ К ПРИМЕНЕНИЮ</strong><br />Препарат применяют собакам для лечения при застойной сердечной недостаточности, обусловленной хронической дегенерацией клапанов сердца.<br /><strong style=""color: rgb(4, 77, 39);"">ПОРЯДОК ПРИМЕНЕНИЯ</strong><br />Препарат применяют собакам индивидуально перорально с кормом или в смеси с небольшим количеством корма, предложенным непосредственно перед основным кормлением, один раз в сутки в дозе 1 таблетка для собаки массой 10-20 кг (что соответствует 0,25-0,50 мг беназеприла гидрохлорида и 2-4 мг спиронолактона на 1 кг массы тела животного). Продолжительность курса лечения определяет лечащий врач в зависимости от клинического состояния животного и течения заболевания.<br /><strong style=""color: rgb(4, 77, 39);"">ФОРМА ВЫПУСКА </strong><br />Препарат выпускают расфасованным по 10 таблеток в блистеры, помещенные по 3 штуки вместе с инструкцией по применению в индивидуальные картонные пачки.<br /><strong style=""color: rgb(4, 77, 39);"">СРОК ГОДНОСТИ И УСЛОВИЯ ХРАНЕНИЯ</strong><br />Препарат хранят в упаковке производителя по списку Б, в защищенном от света месте при температуре от плюс 2 °С до плюс 25 °С. Препарат хранят отдельно от продуктов питания и кормов, в недоступном для детей месте. <br />Срок годности при соблюдении условий хранения - 2 года от даты производства.<br /><strong style=""color: rgb(4, 77, 39);"">СОСТАВ</strong><br />В одной таблетке содержится 5 мг беназеприла гидрохлорида и 40 мг спиронолактона; вспомогательные вещества: лактозы моногидрат, дрожжи неактивные, целлюлоза микрокристаллическая, крахмал кукурузный, кросповидон, поливинилпирролидон низкомолекулярный, аспасвит Ц200, ароматизатор, кальция стеарат, тальк.";https://static.tildacdn.com/stor3136-3437-4339-a237-346236383061/b76dfef5819e44fffe370593867c6043.png;0;;;;;PnTkLkIAX6PEyo7vps0I;;0;0;0;0
456561275983;;;;Собаки;"таблетки БИКАРДИЛ 10 мг";"Таблетки для перорального применения.";"<strong style=""color: rgb(4, 77, 39);"">ПРЕИМУЩЕСТВА </strong><br />Таблетки Бикардил 10 мг/80 мг — комбинированный ветеринарный препарат (антагонист альдостерона + ингибитор ангиотензин превращающего фермента (АПФ). Беназеприл и спиронолактон оказывают действие на разном уровне ренинангиотензин-альдостероновой системы. <br /><strong style=""color: rgb(4, 77, 39);"">ПОКАЗАНИЯ К ПРИМЕНЕНИЮ</strong><br />Препарат применяют собакам для лечения при застойной сердечной недостаточности, обусловленной хронической дегенерацией клапанов сердца. <br /><strong style=""color: rgb(4, 77, 39);"">ПОРЯДОК ПРИМЕНЕНИЯ</strong><br />Препарат применяют собакам индивидуально перорально с кормом или в смеси с небольшим количеством корма, предложенным непосредственно перед основным кормлением, один раз в сутки в дозе 1 таблетка для собаки массой 20-40 кг (что соответствует 0,25-0,50 мг беназеприла гидрохлорида и 2-4 мг спиронолактона на 1 кг массы тела животного). Продолжительность курса лечения определяет лечащий врач в зависимости от клинического состояния животного и течения заболевания.<br /><strong style=""color: rgb(4, 77, 39);"">ФОРМА ВЫПУСКА </strong><br />Препарат выпускают расфасованным по 10 таблеток в блистеры, помещенные по 3 штуки вместе с инструкцией по применению в индивидуальные картонные пачки.<br /><strong style=""color: rgb(4, 77, 39);"">СРОК ГОДНОСТИ И УСЛОВИЯ ХРАНЕНИЯ</strong><br />Препарат хранят в упаковке производителя по списку Б, в защищенном от света от плюс 2 °С до плюс 25 °С. Препарат хранят отдельно от месте при температуре продуктов питания и кормов, в недоступном для детей месте. <br />Срок годности при соблюдении условий хранения - 2 года от даты производства.<br /><strong style=""color: rgb(4, 77, 39);"">СОСТАВ</strong><br />В одной таблетке содержится 10 мг беназеприла гидрохлорида и 80 мг спиронолактона; вспомогательные вещества: лактозы моногидрат, дрожжи неактивные, целлюлоза микрокристаллическая, крахмал кукурузный, кросповидон, поливинилпирролидон низкомолекулярный, аспасвит Ц200, ароматизатор, кальция стеарат, тальк.";https://static.tildacdn.com/stor3035-6534-4138-b436-356437313364/9f3a5470573268aff961574d84926e28.png;0;;;;;YJ9TK8MYK2vaf74KFJgn;;0;0;0;0
302676148393;;;;"Кошки;Собаки";"таблетки ВАЗОПРИЛ 0,625 мг";Таблетки.;"<strong style=""color: rgb(4, 77, 39);"">ПРЕИМУЩЕСТВА </strong><br />Таблетки Вазоприл – гипотензивное средство. <br /><strong style=""color: rgb(4, 77, 39);"">ПОКАЗАНИЯ К ПРИМЕНЕНИЮ</strong><br />Препарат применяют собакам при застойных явлениях в сердце, вызванных хронической сердечной недостаточностью, при артериальной гипертонии, при кардиомиопатиях различного генеза и для профилактики ишемии миокарда. Кошкам применяют для снижения систолического давления (если значение систолического давления находится в промежутке от 160 и 230 мм рт. ст.). <br /><strong style=""color: rgb(4, 77, 39);"">ПОРЯДОК ПРИМЕНЕНИЯ</strong><br />Применяют внутрь один раз в сутки, натощак. Первоначальная терапевтическая доза в сутки составляет 0,125 мг действующего вещества рамиприла на 1 кг массы животного. Животным, у которых существует риск развития гиповолемии, лечение начинают с половинной дозы, которую задают в течение недели. При отсутствии снижения артериального давления на фоне приема препарата для усиления терапевтического эффекта разрешается одновременное применение диуретических средств в дозах согласно инструкции по применению. При застойных явлениях в лёгких и кашле у собак, через две недели после начала использования препарата суточную дозу можно увеличить до 0,25 мг рамиприла на 1 кг массы животного. Продолжительность курса терапии устанавливает ветеринарный врач. <br /><strong style=""color: rgb(4, 77, 39);"">ФОРМА ВЫПУСКА </strong><br />Препарат выпускают расфасованным по 10 таблеток в блистерах, помещенных по 3 штуки вместе с инструкцией по применению в индивидуальные картонные пачки. <br /><strong style=""color: rgb(4, 77, 39);"">СРОК ГОДНОСТИ И УСЛОВИЯ ХРАНЕНИЯ</strong><br />Препарат хранят в упаковке производителя при температуре от 2 °С до 25 °С. Хранят в недоступном для детей месте, отдельно от продуктов питания и кормов. Препарат транспортируют, соблюдая условия хранения.<br />Срок годности при соблюдении условий хранения и транспортирования - 2 года от даты производства. Не применять по истечении срока годности. <br /><strong style=""color: rgb(4, 77, 39);"">СОСТАВ</strong><br />В 1,0 г препарата содержится 10 мг рамиприла, а также вспомогательные вещества: лактозы моногидрат, дрожжи неактивные, целлюлоза микрокристаллическая, крахмал кукурузный, кросповидон, поливинилпирролидон, ароматическая добавка, кальция стеарат, тальк.";https://static.tildacdn.com/stor3939-3866-4562-b135-343061363561/5fe88482142c137185f9f422a5a3f010.png;0;;;;;yi9PISfCPDBfzrcOfsav;;0;0;0;0
292677119413;;;;"Кошки;Собаки";"таблетки ВАЗОПРИЛ 1,25 мг";Таблетки;"<strong style=""color: rgb(4, 77, 39);"">ПРЕИМУЩЕСТВА </strong><br />Таблетки Вазоприл – гипотензивное средство.<br /><strong style=""color: rgb(4, 77, 39);"">ПОКАЗАНИЯ К ПРИМЕНЕНИЮ</strong><br />Препарат применяют собакам при застойных явлениях в сердце, вызванных хронической сердечной недостаточностью, при артериальной гипертонии, при кардиомиопатиях различного генеза и для профилактики ишемии миокарда. Кошкам применяют для снижения систолического давления (если значение систолического давления находится в промежутке от 160 и 230 мм рт. ст.).<br /><strong style=""color: rgb(4, 77, 39);"">ПОРЯДОК ПРИМЕНЕНИЯ</strong><br />Применяют внутрь один раз в сутки, натощак. Первоначальная терапевтическая доза в сутки составляет 0,125 мг действующего вещества рамиприла на 1 кг массы животного. Животным, у которых существует риск развития гиповолемии, лечение начинают с половинной дозы, которую задают в течение недели. При отсутствии снижения артериального давления на фоне приема препарата для усиления терапевтического эффекта разрешается одновременное применение диуретических средств в дозах согласно инструкции по применению. При застойных явлениях в лёгких и кашле у собак, через две недели после начала использования препарата суточную дозу можно увеличить до 0,25 мг рамиприла на 1 кг массы животного. Продолжительность курса терапии устанавливает ветеринарный врач.<br /><strong style=""color: rgb(4, 77, 39);"">ФОРМА ВЫПУСКА </strong><br />Препарат выпускают расфасованным по 10 таблеток в блистерах, помещенных по 3 штуки вместе с инструкцией по применению в индивидуальные картонные пачки.<br /><strong style=""color: rgb(4, 77, 39);"">СРОК ГОДНОСТИ И УСЛОВИЯ ХРАНЕНИЯ</strong><br />Препарат хранят в упаковке производителя при температуре от 2 °С до 25 °С. Хранят в недоступном для детей месте, отдельно от продуктов питания и кормов. Препарат транспортируют, соблюдая условия хранения.<br />Срок годности при соблюдении условий хранения и транспортирования - 2 года от даты производства. Не применять по истечении срока годности.<br /><strong style=""color: rgb(4, 77, 39);"">СОСТАВ</strong><br />В 1,0 г препарата содержится 10 мг рамиприла, а также вспомогательные вещества: лактозы моногидрат, дрожжи неактивные, целлюлоза микрокристаллическая, крахмал кукурузный, кросповидон, поливинилпирролидон, ароматическая добавка, кальция стеарат, тальк.";https://static.tildacdn.com/stor3238-6539-4839-b734-353033653834/2b6d17ab8e816f987ea95de61b92e212.jpg;0;;;;;rRRsGCJRG5nI08tGkV7a;;0;0;0;0
543308575063;;;;"Кошки;Собаки";"таблетки ВАЗОПРИЛ 5 мг";Таблетки;"<strong style=""color: rgb(4, 77, 39);"">ПРЕИМУЩЕСТВА </strong><br />Таблетки Вазоприл – гипотензивное средство.<br /><strong style=""color: rgb(4, 77, 39);"">ПОКАЗАНИЯ К ПРИМЕНЕНИЮ</strong><br />Препарат применяют собакам при застойных явлениях в сердце, вызванных хронической сердечной недостаточностью, при артериальной гипертонии, при кардиомиопатиях различного генеза и для профилактики ишемии миокарда. Кошкам применяют для снижения систолического давления (если значение систолического давления находится в промежутке от 160 и 230 мм рт. ст.).<br /><strong style=""color: rgb(4, 77, 39);"">ПОРЯДОК ПРИМЕНЕНИЯ</strong><br />Применяют внутрь один раз в сутки, натощак. Первоначальная терапевтическая доза в сутки составляет 0,125 мг действующего вещества рамиприла на 1 кг массы животного. Животным, у которых существует риск развития гиповолемии, лечение начинают с половинной дозы, которую задают в течение недели. При отсутствии снижения артериального давления на фоне приема препарата для усиления терапевтического эффекта разрешается одновременное применение диуретических средств в дозах согласно инструкции по применению. При застойных явлениях в лёгких и кашле у собак, через две недели после начала использования препарата суточную дозу можно увеличить до 0,25 мг рамиприла на 1 кг массы животного. Продолжительность курса терапии устанавливает ветеринарный врач.<br /><strong style=""color: rgb(4, 77, 39);"">ФОРМА ВЫПУСКА </strong><br />Препарат выпускают расфасованным по 10 таблеток в блистерах, помещенных по 3 штуки вместе с инструкцией по применению в индивидуальные картонные пачки.<br /><strong style=""color: rgb(4, 77, 39);"">СРОК ГОДНОСТИ И УСЛОВИЯ ХРАНЕНИЯ</strong><br />Препарат хранят в упаковке производителя при температуре от 2 °С до 25 °С. Хранят в недоступном для детей месте, отдельно от продуктов питания и кормов. Препарат транспортируют, соблюдая условия хранения.<br />Срок годности при соблюдении условий хранения и транспортирования - 2 года от даты производства. Не применять по истечении срока годности.<br /><strong style=""color: rgb(4, 77, 39);"">СОСТАВ</strong><br />В 1,0 г препарата содержится 10 мг рамиприла, а также вспомогательные вещества: лактозы моногидрат, дрожжи неактивные, целлюлоза микрокристаллическая, крахмал кукурузный, кросповидон, поливинилпирролидон, ароматическая добавка, кальция стеарат, тальк.";https://static.tildacdn.com/stor3837-6531-4162-b762-386236656637/dd161832a263bac2708e581420539598.png;0;;;;;UFGaOkVBr8CizKBAFEsP;;0;0;0;0
483835813633;;;;Собаки;"таблетки ДИУВЕТ 0,75 мг";"Таблетки для перорального применения.";"<strong style=""color: rgb(4, 77, 39);"">ПРЕИМУЩЕСТВА </strong><br />Таблетки Диувет 0,75 мг - ветеринарный лекарственный препарат из группы петлевых диуретиков.<br /><strong style=""color: rgb(4, 77, 39);"">ПОКАЗАНИЯ К ПРИМЕНЕНИЮ</strong><br />Препарат применяют собакам в качестве диуретического средства для купирования клинических признаков, связанных с застойной сердечной недостаточностью, включая отеки и выпоты. <br /><strong style=""color: rgb(4, 77, 39);"">ПОРЯДОК ПРИМЕНЕНИЯ</strong><br />Препарат применяют индивидуально, перорально, независимо от режима кормления, можно давать с кормом или без него. Рекомендуемая доза торасемида составляет 0,2-0,3 мг на 1 кг массы тела животного (1 таблетка на 2,5-3,75 кг массы тела животного) каждые 8-24 часа. Дозу препарата следует подбирать индивидуально, до достижения приемлемого для пациента количества, при котором отмечается мочегонный эффект с учетом функции почек и статуса по электролитам (Na, K). Если уровень диуретика необходимо изменить, доза может быть повышена или снижена в рамках рекомендованного диапазона доз с шагом 0,1 мг/кг массы животного. Корректировка дозы должна проводиться по назначению ветеринарного врача. Следует контролировать функцию почек, уровень гидратации, и баланс электролитов в крови: на момент начала терапии; через 24 часа и 48 часов после начала терапии; через 24 часа и 48 часов после изменения дозы; в случае развития нежелательных явлений. <br /><strong style=""color: rgb(4, 77, 39);"">ФОРМА ВЫПУСКА </strong><br />Препарат выпускают расфасованным по 10 таблеток в блистеры, помещенные по 3 штуки вместе с инструкцией по применению в индивидуальные картонные пачки.<br /><strong style=""color: rgb(4, 77, 39);"">СРОК ГОДНОСТИ И УСЛОВИЯ ХРАНЕНИЯ</strong><br />Препарат хранят в упаковке производителя в защищенном от света месте при температуре от плюс 2 °С до плюс 25 °С. Препарат хранят отдельно от продуктов питания и кормов, в недоступном для детей месте. <br />Срок годности при соблюдении условий хранения - 2 года от даты производства. Не применять по истечении срока годности.<br /><strong style=""color: rgb(4, 77, 39);"">СОСТАВ</strong><br />В одной таблетке содержится 0,75 мг торасемида; вспомогательные вещества: лактозы моногидрат, дрожжи неактивные, целлюлоза микрокристаллическая, поливинилпирролидон низкомолекулярный, кросповидон, ароматизатор, кальция стеарат, тальк.";https://static.tildacdn.com/stor3466-3764-4639-b738-323435303431/022f73264f46bfe99885415085b23ff7.png;0;;;;;B9OvVbKc6V2jSDLZOXY4;;0;0;0;0
975318670933;;;;Собаки;"таблетки ДИУВЕТ 3 мг";"Таблетки для перорального применения.";"<strong style=""color: rgb(4, 77, 39);"">ПРЕИМУЩЕСТВА </strong><br />Таблетки Диувет 3 мг - ветеринарный лекарственный препарат из группы петлевых диуретиков.<br /><strong style=""color: rgb(4, 77, 39);"">ПОКАЗАНИЯ К ПРИМЕНЕНИЮ</strong><br />Препарат применяют собакам в качестве диуретического средства для купирования клинических признаков, связанных с застойной сердечной недостаточностью, включая отеки и выпоты. <br /><strong style=""color: rgb(4, 77, 39);"">ПОРЯДОК ПРИМЕНЕНИЯ</strong><br />Препарат применяют индивидуально, перорально, независимо от режима кормления, можно давать с кормом или без него. Рекомендуемая доза торасемида составляет 0,2-0,3 мг на 1 кг массы тела животного (1 таблетка на 10-15 кг массы тела животного) каждые 8-24 часа. Дозу препарата следует подбирать индивидуально, до достижения приемлемого для пациента количества, при котором отмечается мочегонный эффект с учетом функции почек и статуса по электролитам (Na, K). Если уровень диуретика необходимо изменить, доза может быть повышена или снижена в рамках рекомендованного диапазона доз с шагом 0,1 мг/кг массы животного. Корректировка дозы должна проводиться по назначению ветеринарного врача. Следует контролировать функцию почек, уровень гидратации, и баланс электролитов в крови: на момент начала терапии; через 24 часа и 48 часов после начала терапии; через 24 часа и 48 часов после изменения дозы; в случае развития нежелательных явлений. В случае необходимости длительной терапии следует продолжать лечение минимальной эффективной дозой. C 3.3 При применении препара<br /><strong style=""color: rgb(4, 77, 39);"">ФОРМА ВЫПУСКА </strong><br />Препарат выпускают расфасованным по 10 таблеток в блистеры, помещенные по 3 штуки вместе с инструкцией по применению в индивидуальные картонные пачки. <br /><strong style=""color: rgb(4, 77, 39);"">СРОК ГОДНОСТИ И УСЛОВИЯ ХРАНЕНИЯ</strong><br />Препарат хранят в упаковке производителя в защищенном от света месте при температуре от плюс 2 °С до плюс 25 °С. Препарат хранят отдельно от продуктов питания и кормов, в недоступном для детей месте.<br />Срок годности при соблюдении условий хранения - 2 года от даты производства. Не применять по истечении срока годности.<br /><strong style=""color: rgb(4, 77, 39);"">СОСТАВ</strong><br />В одной таблетке содержится 3 мг торасемида; вспомогательные вещества: лактозы моногидрат, дрожжи неактивные, целлюлоза микрокристаллическая, поливинилпирролидон низкомолекулярный, кросповидон, ароматизатор, кальция стеарат, тальк.";https://static.tildacdn.com/stor6138-3131-4638-b661-366664663266/4edac313c4d1b5c8b922813a6f01b2a3.png;0;;;;;CEK1JcxA16UTBezceCaK;;0;0;0;0
784489984213;;;;Собаки;"таблетки КАРДИОСЭЙФ 1,25 мг";"Таблетки для перорального применения.";"<strong style=""color: rgb(4, 77, 39);"">ПРЕИМУЩЕСТВА </strong><br />Таблетки Кардиосэйф 1,25 мг - кардиотропный лекарственный ветеринарный препарат. Пимобендан, входящий в состав препарата, обладает положительным инотропным действием и выраженным вазодилатирующим эффектом.<br /><strong style=""color: rgb(4, 77, 39);"">ПОКАЗАНИЯ К ПРИМЕНЕНИЮ</strong><br />Препарат применяют для лечения собак при хронической сердечной недостаточности, вызванной дегенерацией клапанов или дилатационной кардиомиопатией.<br /><strong style=""color: rgb(4, 77, 39);"">ПОРЯДОК ПРИМЕНЕНИЯ</strong><br /><br /><strong style=""color: rgb(4, 77, 39);"">ФОРМА ВЫПУСКА </strong><br />Препарат выпускают расфасованным по 10 таблеток в блистеры, помещенные по 5 штук вместе с инструкцией по применению в индивидуальные картонные пачки.<br /><strong style=""color: rgb(4, 77, 39);"">СРОК ГОДНОСТИ И УСЛОВИЯ ХРАНЕНИЯ</strong><br />Препарат хранят в упаковке производителя в защищенном от света месте при температуре от плюс 2 °С до плюс 25 °С. Препарат хранят отдельно от продуктов питания и кормов, в недоступном для детей месте.<br />Срок годности при соблюдении условий хранения - 2 года от даты производства.<br /><strong style=""color: rgb(4, 77, 39);"">СОСТАВ</strong><br />В 1 таблетке содержится 1,25 мг пимобендана; вспомогательные вещества: лактозы моногидрат, дрожжи неактивные, целлюлоза микрокристаллическая, крахмал кукурузный, кросповидон, ароматизатор, кальция стеарат, тальк.";https://static.tildacdn.com/stor3637-6631-4235-a139-363439663730/880a30f05fb54e03471e37819eee7d65.png;0;;;;;kIEMTkg5mylUGt0JM4o5;;0;0;0;0
535196662653;;;;Собаки;"таблетки КАРДИОСЭЙФ 2,5 мг";"Таблетки для перорального применения.";"<strong style=""color: rgb(4, 77, 39);"">ПРЕИМУЩЕСТВА </strong><br />Таблетки Кардиосэйф 2,5 мг - кардиотропный лекарственный ветеринарный препарат. Пимобендан, входящий в состав препарата, обладает положительным инотропным действием и выраженным вазодилатирующим эффектом. <br /><strong style=""color: rgb(4, 77, 39);"">ПОКАЗАНИЯ К ПРИМЕНЕНИЮ</strong><br />Препарат применяют для лечения собак при хронической сердечной недостаточности, вызванной дегенерацией клапанов или дилатационной кардиомиопатией.<br /><strong style=""color: rgb(4, 77, 39);"">ПОРЯДОК ПРИМЕНЕНИЯ</strong><br />Препарат применяют за час до кормления в дозе от 0,1 мг до 0,3 мг пимобендана на 1 кг массы животного, два раза в сутки с равными интервалами, в зависимости от тяжести состояния животного, что соответствует 1 таблетке на 8,5-25 кг массы животного, на один прием. В случае декомпенсированной сердечной недостаточности рекомендовано пожизненное применение препарата с подбором индивидуальной дозы. Препарат может также применяться в комбинации с мочегонными средствами.<br /><strong style=""color: rgb(4, 77, 39);"">ФОРМА ВЫПУСКА </strong><br />Препарат выпускают расфасованным по 10 таблеток в блистеры, помещенные по 5 штук вместе с инструкцией по применению в индивидуальные картонные пачки.<br /><strong style=""color: rgb(4, 77, 39);"">СРОК ГОДНОСТИ И УСЛОВИЯ ХРАНЕНИЯ</strong><br />Препарат хранят в упаковке производителя в защищенном от света месте при температуре от плюс 2 °С до плюс 25 °С. Препарат хранят отдельно от продуктов питания и кормов, в недоступном для детей месте.<br />Срок годности при соблюдении условий хранения - 2 года от даты производства.<br /><strong style=""color: rgb(4, 77, 39);"">СОСТАВ</strong><br />В 1 таблетке содержится 2,5 мг пимобендана; вспомогательные вещества: лактозы моногидрат, дрожжи неактивные, целлюлоза микрокристаллическая, крахмал кукурузный, кросповидон, ароматизатор, кальция стеарат, тальк.";https://static.tildacdn.com/stor6132-3235-4333-b731-616661343737/2146ee9382ee8109a084307931a12f26.png;0;;;;;AR5nlgHm9vMhGnjY2k2m;;0;0;0;0
664862477543;;;;Собаки;"таблетки КАРДИОСЭЙФ 5 мг";"Таблетки для перорального применения.";"<strong style=""color: rgb(4, 77, 39);"">ПРЕИМУЩЕСТВА </strong><br />Таблетки Кардиосэйф 5 мг - кардиотропный лекарственный ветеринарный препарат. Пимобендан, входящий в состав препарата, обладает положительным инотропным действием и выраженным вазодилатирующим эффектом.<br /><strong style=""color: rgb(4, 77, 39);"">ПОКАЗАНИЯ К ПРИМЕНЕНИЮ</strong><br />Препарат применяют для лечения недостаточности, кардиомиопатией. вызванной дегенерацией собак при клапанов хронической сердечной или дилатационноймочегонными средствами.<br /><strong style=""color: rgb(4, 77, 39);"">ПОРЯДОК ПРИМЕНЕНИЯ</strong><br />Препарат применяют за час до кормления в дозе от 0,1 мг до 0,3 мг пимобендана на 1 кг массы животного, два раза в сутки с равными интервалами, в зависимости от тяжести состояния животного, что соответствует 1 таблетке на 16,5-50 кг массы животного, на один прием. B случае декомпенсированной сердечной недостаточности рекомендовано пожизненное применение препарата с подбором индивидуальной дозы. Препарат может также применяться в комбинации с мочегонными средствами.<br /><strong style=""color: rgb(4, 77, 39);"">ФОРМА ВЫПУСКА </strong><br />Препарат выпускают расфасованным по 10 таблеток в блистеры, помещенные по 5 штук вместе с инструкцией по применению в индивидуальные картонные пачки.<br /><strong style=""color: rgb(4, 77, 39);"">СРОК ГОДНОСТИ И УСЛОВИЯ ХРАНЕНИЯ</strong><br />Препарат хранят в упаковке производителя в защищенном от света месте при температуре от плюс 2 °С до плюс 25 °С. Препарат хранят отдельно от продуктов питания и кормов, в недоступном для детей месте.<br />Срок годности при соблюдении условий хранения - 2 года от даты производства.<br /><strong style=""color: rgb(4, 77, 39);"">СОСТАВ</strong><br />В 1 таблетке содержится 5 мг пимобендана; вспомогательные вещества: лактозы моногидрат, дрожжи неактивные, целлюлоза микрокристаллическая, крахмал кукурузный, кросповидон, ароматизатор, кальция стеарат, тальк.";https://static.tildacdn.com/stor3165-3033-4163-b164-373735393166/a146f40055e81810f5f63bd5d9625e09.png;0;;;;;HUJGGySyDccxnMMA5cuG;;0;0;0;0
965955149283;;;;Собаки;"таблетки ФОРТЕПРИЛ 5 мг";Таблетки.;"<strong style=""color: rgb(4, 77, 39);"">ПРЕИМУЩЕСТВА </strong><br />Фортеприл – ингибитор ангиотензинпревращающего фермента (АПФ).<br /><strong style=""color: rgb(4, 77, 39);"">ПОКАЗАНИЯ К ПРИМЕНЕНИЮ</strong><br />Препарат применяют собакам и кошкам при сердечной недостаточности и при хронической почечной недостаточности.<br /><strong style=""color: rgb(4, 77, 39);"">ПОРЯДОК ПРИМЕНЕНИЯ</strong><br />Препарат применяют индивидуально перорально один раз в сутки независимо от кормления в дозе 0,25-0,5 мг беназеприла гидрохлорида на 1 кг массы тела животного. Терапевтическую дозу и продолжительность курса лечения в зависимости от физического состояния животного и течения заболевания определяет лечащий ветеринарный врач. При тяжелом течении заболевания разовая доза препарата может быть увеличена вдвое. Длительность курса лечения не ограничена.<br /><strong style=""color: rgb(4, 77, 39);"">ФОРМА ВЫПУСКА </strong><br />Препарат выпускают расфасованным по 6 или 7 таблеток в блистерах, помещенных по 2 штуки вместе с инструкцией по применению в индивидуальную картонную пачку.<br /><strong style=""color: rgb(4, 77, 39);"">СРОК ГОДНОСТИ И УСЛОВИЯ ХРАНЕНИЯ</strong><br />Препарат хранят в упаковке производителя при температуре от 2 °С до 25 °С. Хранят в недоступном для детей месте, отдельно от продуктов питания и кормов. Препарат транспортируют, соблюдая условия хранения.<br />Срок годности - 2 года от даты производства при соблюдении условий хранения и транспортирования. Не применять по истечении срока годности. Препарат уничтожают в соответствии с требованиями действующего законодательства. <br /><strong style=""color: rgb(4, 77, 39);"">СОСТАВ</strong><br />В 1,0 г препарата содержится 80 мг беназеприла гидрохлорида, а также вспомогательные вещества: лактозы моногидрат, дрожжи неактивные, целлюлоза микрокристаллическая, натрия лаурилсульфат, поливинилпирролидон, кросповидон, аспасвит Ц200, ароматическая добавка, кальция стеарат, тальк.";https://static.tildacdn.com/stor3937-3831-4531-b238-613864656365/8c07ad1b2268477cd0470259a8ecadf4.png;0;;;;;cTpIxhiHir1FaGGIyyff;;0;0;0;0
212554169233;;;;Собаки;"таблетки ФОРТЕПРИЛ 20 мг";Таблетки;"<strong style=""color: rgb(4, 77, 39);"">ПРЕИМУЩЕСТВА </strong><br />Фортеприл – ингибитор ангиотензинпревращающего фермента (АПФ).<br /><strong style=""color: rgb(4, 77, 39);"">ПОКАЗАНИЯ К ПРИМЕНЕНИЮ</strong><br />Препарат применяют собакам и кошкам при сердечной недостаточности и при хронической почечной недостаточности.<br /><strong style=""color: rgb(4, 77, 39);"">ПОРЯДОК ПРИМЕНЕНИЯ</strong><br />Препарат применяют индивидуально перорально один раз в сутки независимо от кормления в дозе 0,25-0,5 мг беназеприла гидрохлорида на 1 кг массы тела животного. Терапевтическую дозу и продолжительность курса лечения в зависимости от физического состояния животного и течения заболевания определяет лечащий ветеринарный врач. При тяжелом течении заболевания разовая доза препарата может быть увеличена вдвое. Длительность курса лечения не ограничена.<br /><strong style=""color: rgb(4, 77, 39);"">ФОРМА ВЫПУСКА </strong><br />Препарат выпускают расфасованным по 6 или 7 таблеток в блистерах, помещенных по 2 штуки вместе с инструкцией по применению в индивидуальную картонную пачку.<br /><strong style=""color: rgb(4, 77, 39);"">СРОК ГОДНОСТИ И УСЛОВИЯ ХРАНЕНИЯ</strong><br />Препарат хранят в упаковке производителя при температуре от 2 °С до 25 °С. Хранят в недоступном для детей месте, отдельно от продуктов питания и кормов. Препарат транспортируют, соблюдая условия хранения.<br />Срок годности - 2 года от даты производства при соблюдении условий хранения и транспортирования. Не применять по истечении срока годности. Препарат уничтожают в соответствии с требованиями действующего законодательства.<br /><strong style=""color: rgb(4, 77, 39);"">СОСТАВ</strong><br />В 1,0 г препарата содержится 80 мг беназеприла гидрохлорида, а также вспомогательные вещества: лактозы моногидрат, дрожжи неактивные, целлюлоза микрокристаллическая, натрия лаурилсульфат, поливинилпирролидон, кросповидон, аспасвит Ц200, ароматическая добавка, кальция стеарат, тальк.";https://static.tildacdn.com/stor3161-3864-4634-b662-303264393834/969fdc8b6a36d65a8d62ca69799b2dfc.png;0;;;;;yR9DR2cP8GSKz1jJf7NY;;0;0;0;0
161980645273;;;;Собаки;"таблетки ВЕТОФЕН 20 мг";"Таблетки для перорального применения.";"<strong style=""color: rgb(4, 77, 39);"">ПРЕИМУЩЕСТВА </strong><br />Таблетки Ветофен 20 мг - нестероидный противовоспалительный ветеринарный лекарственный препарат.<br /><strong style=""color: rgb(4, 77, 39);"">ПОКАЗАНИЯ К ПРИМЕНЕНИЮ</strong><br />Карпрофен, входящий в состав препарата относится к производным пропионовой кислоты. Ингибирует фермент циклоксигеназу в цикле арахидоновой кислоты, преимущественно влияя на циклоксигеназу-II, которая вырабатывается в ответ на воспаление. В результате этого блокируется синтез простагландинов. В терапевтических дозах карпрофен значительно слабее действует на циклоксигеназу-І, и благодаря этому не оказывает существенного влияния на синтез цитопротекторных простагландинов. Карпрофен не препятствует нормальным физиологическим процессам в тканях, особенно желудочно-кишечном тракте, почках и тромбоцитах. Кроме того, препарат обладает антибрадикининовой активностью, подавляя восприятие боли на уровне ЦНС. <br /><strong style=""color: rgb(4, 77, 39);"">ПОРЯДОК ПРИМЕНЕНИЯ</strong><br />После перорального применения карпрофен быстро всасывается в желудочнокишечном тракте и проникает в кровь, достигая максимальной концентрации в плазме через 1-3 часа. Метаболизируется в печени путем глюкуронизации и окисления, выделяется в основном с фекалиями (70-80%) и частично почками (10-20%). Период полувыведения карпрофена составляет 8-12 часов.<br /><strong style=""color: rgb(4, 77, 39);"">ФОРМА ВЫПУСКА </strong><br />Препарат выпускают расфасованным по 10 таблеток в блистеры, помещенные вместе с инструкцией по применению в индивидуальные картонные пачки.<br /><strong style=""color: rgb(4, 77, 39);"">СРОК ГОДНОСТИ И УСЛОВИЯ ХРАНЕНИЯ</strong><br />Препарат хранят в упаковке производителя в защищенном от света месте при температуре от плюс 2 °С до плюс 25 °С. Препарат хранят отдельно от продуктов питания и кормов, в недоступном для детей месте. <br />Срок годности препарата при соблюдении условий хранения - 3 года от даты производства. Не применять по истечении срока годности. <br /><strong style=""color: rgb(4, 77, 39);"">СОСТАВ</strong><br />Препарат содержит в одной таблетке в качестве действующего вещества 20 мг карпрофена; вспомогательные вещества: лактозы моногидрат, целлюлоза микрокристаллическая, крахмал кукурузный, дрожжи неактивные, поливинилпирролидон низкомолекулярный, кросповидон, ароматизатор, аспасвит Ц200, кальция стеарат, тальк.";https://static.tildacdn.com/stor6362-3233-4964-a161-663863336537/6201e591923fc5fe35c4f3dcbb4e3f27.jpg;0;;;;;vkDnuZo8jPARHL4PpZpU;;0;0;0;0
399403409423;;;;Собаки;"таблетки ВЕТОФЕН 50 мг";"Таблетки для перорального применения.";"<strong style=""color: rgb(4, 77, 39);"">ПРЕИМУЩЕСТВА </strong><br />Таблетки Ветофен 50 мг - нестероидный противовоспалительный ветеринарный лекарственный препарат. <br /><strong style=""color: rgb(4, 77, 39);"">ПОКАЗАНИЯ К ПРИМЕНЕНИЮ</strong><br />Препарат применяют для лечения собак как противовоспалительное обезболивающее средство при острых и хронических болезнях опорно-двигательного аппарата (артрозы, артриты, тендовагиниты и др.), болевом синдроме различной этиологии (грыжи межпозвоночных дисков, невриты, травмы и пр.), а также, до хирургического вмешательства и в послеоперационной реабилитации. <br /><strong style=""color: rgb(4, 77, 39);"">ПОРЯДОК ПРИМЕНЕНИЯ</strong><br />Препарат применяют животным индивидуально в измельченном виде с кормом или задают принудительно на корень языка в дозе 4 мг карпрофена на 1 кг массы животного (1 таблетка на 12,5 кг массы животного), один раз в день, или разделенная на два приема. После 7 дней лечения в зависимости от клинического состояния дозу можно уменьшить до 2 мг/кг массы тела животного (1 таблетка на 25 кг массы тела животного) один раз в день. Курс лечения до 14 дней.<br /><strong style=""color: rgb(4, 77, 39);"">ФОРМА ВЫПУСКА </strong><br />Препарат выпускают расфасованным по 10 таблеток в блистеры, помещенные вместе с инструкцией по применению в индивидуальные картонные пачки.<br /><strong style=""color: rgb(4, 77, 39);"">СРОК ГОДНОСТИ И УСЛОВИЯ ХРАНЕНИЯ</strong><br />Препарат хранят в упаковке производителя в защищенном от света месте при температуре от плюс 2 °С до плюс 25 °С. Препарат хранят отдельно от продуктов питания и кормов, в недоступном для детей месте. <br />Срок годности препарата при соблюдении условий хранения - 3 года от даты производства. Не применять по истечении срока годности.<br /><strong style=""color: rgb(4, 77, 39);"">СОСТАВ</strong><br />Препарат содержит в одной таблетке в качестве действующего вещества 50 мг карпрофена; вспомогательные вещества: лактозы моногидрат, целлюлоза микрокристаллическая, крахмал кукурузный, дрожжи неактивные, поливинилпирролидон низкомолекулярный, кросповидон, ароматизатор, аспасвит Ц200, кальция стеарат, тальк.";https://static.tildacdn.com/stor3634-3136-4563-a433-646437663933/97339044bf695b43dccad57093ac2e69.jpg;0;;;;;duViy32BvijiV8YBIu9d;;0;0;0;0
257436638133;;;;Собаки;"таблетки МЕЛАКСА 1мг";"Таблетки для приёма внутрь.";"<strong style=""color: rgb(4, 77, 39);"">ПРЕИМУЩЕСТВА </strong><br />Мелакса относится к нестеоидным противовоспалительным средствам (НПВС).<br /><strong style=""color: rgb(4, 77, 39);"">ПОКАЗАНИЯ К ПРИМЕНЕНИЮ</strong><br />Препарат применяют собакам в качестве болеутоляющего, противовоспалительного и жаропонижающего средства при острых, хронических воспалительных или дистрофических заболеваниях опорно-двигательного аппарата: остите, артрите, ревматоидном артрите, остеоартрите, спондилёзе, анкилозирующем спондилите, кальцинозе межпозвоночных дисков, диспластических состояниях, а также для восстановления после переломов, операций по артропластике и при травмах<br /><strong style=""color: rgb(4, 77, 39);"">ПОРЯДОК ПРИМЕНЕНИЯ</strong><br />Препарат применяют индивидуально перорально вне зависимости от приема пищи. <br />Продолжительность лечения определяется конкретным диагнозом и интенсивностью проявления конкретных симптомов. При острых случаях у собак лечение продолжается в течение 5-7 дней, при хроническом течении заболевания у собак возможно применение в течение 28 дней под контролем ветеринарного врача. <br /><strong style=""color: rgb(4, 77, 39);"">ФОРМА ВЫПУСКА </strong><br />Препарат выпускают расфасованным по 10 таблеток в блистерах, помещенных по 2 штуки вместе с инструкцией по применению в индивидуальную картонную пачку.<br /><strong style=""color: rgb(4, 77, 39);"">СРОК ГОДНОСТИ И УСЛОВИЯ ХРАНЕНИЯ</strong><br />Препарат хранят и транспортируют в упаковке производителя при температуре от 2 °С до 25 °С. Хранят в недоступном для детей месте, отдельно от продуктов питания и кормов.<br />Срок годности - 2 года от даты производства при соблюдении условий хранения. Не применять по истечении срока годности.<br /><strong style=""color: rgb(4, 77, 39);"">СОСТАВ</strong><br />В 1,0 г препарата содержится 16 мг мелоксикама, а также вспомогательные вещества: лактозы моногидрат, дрожжи неактивные, целлюлоза микрокристаллическая, поливинилпирролидон, кросповидон, аспасвит Ц200, ароматическая добавка, кальция стеарат, тальк.";https://static.tildacdn.com/stor3231-6437-4265-b030-353137343236/29c710f7c6a777b8c4525201e324c8bf.jpg;0;;;;;6nooMc3Jp3pDnU3r1ssK;;0;0;0;0
824030314553;;;;Собаки;"таблетки МЕЛАКСА 2,5 мг";"Таблетки для приёма внутрь.";"<strong style=""color: rgb(4, 77, 39);"">ПРЕИМУЩЕСТВА </strong><br />Мелакса относится к нестеоидным противовоспалительным средствам (НПВС).<br /><strong style=""color: rgb(4, 77, 39);"">ПОКАЗАНИЯ К ПРИМЕНЕНИЮ</strong><br />Препарат применяют собакам в качестве болеутоляющего, противовоспалительного и жаропонижающего средства при острых, хронических воспалительных или дистрофических заболеваниях опорно-двигательного аппарата: остите, артрите, ревматоидном артрите, остеоартрите, спондилёзе, анкилозирующем спондилите, кальцинозе межпозвоночных дисков, диспластических состояниях, а также для восстановления после переломов, операций по артропластике и при травмах<br /><strong style=""color: rgb(4, 77, 39);"">ПОРЯДОК ПРИМЕНЕНИЯ</strong><br />Препарат применяют индивидуально перорально вне зависимости от приема пищи.<br /><strong style=""color: rgb(4, 77, 39);"">ФОРМА ВЫПУСКА </strong><br />Препарат выпускают расфасованным по 10 таблеток в блистерах, помещенных по 2 штуки вместе с инструкцией по применению в индивидуальную картонную пачку. <br /><strong style=""color: rgb(4, 77, 39);"">СРОК ГОДНОСТИ И УСЛОВИЯ ХРАНЕНИЯ</strong><br />Препарат хранят и транспортируют в упаковке производителя при температуре от 2 °С до 25 °С. Хранят в недоступном для детей месте, отдельно от продуктов питания и кормов.<br />Срок годности - 2 года от даты производства при соблюдении условий хранения. Не применять по истечении срока годности.<br /><strong style=""color: rgb(4, 77, 39);"">СОСТАВ</strong><br />В 1,0 г препарата содержится 16 мг мелоксикама, а также вспомогательные вещества: лактозы моногидрат, дрожжи неактивные, целлюлоза микрокристаллическая, поливинилпирролидон, кросповидон, аспасвит Ц200, ароматическая добавка, кальция стеарат, тальк.";https://static.tildacdn.com/stor3437-3731-4435-b964-373361366565/7c7a456f39c0727a3d94e79d645ce6f5.jpg;0;;;;;hYyNjR9OXubb5UeTdp7O;;0;0;0;0
785258957613;;;;Собаки;"таблетки РАБЕНА 5 мг";"Таблетки для перорального применения.";"<strong style=""color: rgb(4, 77, 39);"">ПРЕИМУЩЕСТВА </strong><br />Таблетки Рабена 5 мг - нестероидное противовоспалительное средство из группы<br />коксибов.<br /><strong style=""color: rgb(4, 77, 39);"">ПОКАЗАНИЯ К ПРИМЕНЕНИЮ</strong><br />Препарат применяют собакам и кошкам в качестве противовоспалительного и<br />болеутоляющего средства при воспалительных и болевых синдромах различного<br />происхождения, в том числе: при острых и хронических болезнях опорно-двигательного аппарата (арtриты, артрозы, синовиты, вьmихи); при воспалительных болезнях мягких тканей; в качестве анальrезирующеrо и противовоспалительного средства в послеоперационный период.<br /><strong style=""color: rgb(4, 77, 39);"">ПОРЯДОК ПРИМЕНЕНИЯ</strong><br />Препарат задают индивидуально, один раз в сутки, за 30 минут до или после<br />кормления в дозе 1 таблетка для животного массой 2,5-5 кг (что соответствует 1-2 мг робенакоксиба на 1 кг массы тела животного).<br />При необходимости, препарат может быть задан вместе с кормом.<br /><strong style=""color: rgb(4, 77, 39);"">ФОРМА ВЫПУСКА </strong><br />Препарат выпускают расфасованным по 6 или 1О таблеток в блистеры,<br />помещенные вместе с инструкцией по применению в индивидуальные картонные пачки.<br /><strong style=""color: rgb(4, 77, 39);"">СРОК ГОДНОСТИ И УСЛОВИЯ ХРАНЕНИЯ</strong><br />Препарат хранят в упаковке производителя в защищенном от света месте при<br />температуре от плюс 2 °С до плюс 25 °С. Препарат хранят отдельно от продуктов питания и кормов, в недоступном для детей месте.<br />Срок годности при соблюдении условий хранения-3 года от даты производства.<br /><strong style=""color: rgb(4, 77, 39);"">СОСТАВ</strong><br />В 1 таблетке содержится 5 мг робенакоксиба; вспомогательные вещества: лактозы<br />моногидрат, дрожжи неактивные, целлюлоза микрокристаллическая, крахмал кукурузный, кросповидон, поливинилпирролидон низкомолекулярный, аспасвит Ц200, ароматизатор, кальция стеарат, тальк.";https://static.tildacdn.com/stor3638-6237-4334-a133-356231373137/e88d7d375941239c9c275a132bf7148c.png;0;;;;;RexlndVe26JxGOsFm5ZK;;0;0;0;0
387827829133;;;;Собаки;"таблетки РАБЕНА 10 мг";"Таблетки для перорального применения.";"<strong style=""color: rgb(4, 77, 39);"">ПРЕИМУЩЕСТВА </strong><br />Таблетки Рабена 10 мг - нестероидное противовоспалительное средство из группы<br />коксибов .<br /><strong style=""color: rgb(4, 77, 39);"">ПОКАЗАНИЯ К ПРИМЕНЕНИЮ</strong><br />Препарат применяют собакам и кошкам в качестве противовоспалительного и<br />болеутоляющего средства при воспалительных и болевых синдромах различного<br />происхождения, в том числе: при острых и хронических болезнях опорно-двигательного аппарата (артриты, артрозы, синовиты, вьmихи); при воспалительных болезнях мягких тканей; в качестве ан·альгезирующего и противовоспалительного средства в послеоперационный период.<br /><strong style=""color: rgb(4, 77, 39);"">ПОРЯДОК ПРИМЕНЕНИЯ</strong><br />Препарат применяют индивидуально, один раз в сутки, за 30 минут до или после<br />кормления в дозе 1 таблетка для животного массой 5-10 кг (что соответствует 1-2 мг<br />робенакоксиба на 1 кг массы тела животного).<br />При необходимости, препарат может быгь задан вместе с кормом.<br />Продолжительность курса лечения определяется ветеринарным врачом и, как<br />правило, составляет 7 дней. Если по истечении 10 дней клиническое улучшение не<br />наступает, применение препарата прекращают.<br /><strong style=""color: rgb(4, 77, 39);"">ФОРМА ВЫПУСКА </strong><br />Препарат вьшускают расфасованным по 6 или 10 таблеток в блистеры,<br />помещенные вместе с инструкцией по применению в индивидуальные картонные пачки.<br /><strong style=""color: rgb(4, 77, 39);"">СРОК ГОДНОСТИ И УСЛОВИЯ ХРАНЕНИЯ</strong><br />Препарат хранят в упаковке производителя в защищенном от света месте при<br />температуре от плюс 2 °С до плюс 25 °С. Препарат хранят отдельно от 1:родуктов питания и<br />кормов, в недоступном для детей месте.<br />Срок годности при соблюдении условий хранения - 3 года от даты производства.<br /><strong style=""color: rgb(4, 77, 39);"">СОСТАВ</strong><br />В 1 таблетке содержится 10 мг робенакоксиба; вспомогательные вещества:<br />лактозы моногидрат, дрожжи неактивные, целлюлоза микрокристаллическая, крахмал кукурузный, кросповидон, поливиншmирролидон низкомолекулярный, аспасвит Ц200, ароматиз атор, кальция стеарат, тальк.";https://static.tildacdn.com/stor3434-6137-4062-b362-396336663430/77763e6d775e42a3bb1f66f584c4ff12.png;0;;;;;NGpL4dOZvKmtIyYZsnYx;;0;0;0;0
470825503493;;;;Собаки;"таблетки РАБЕНА 20 мг";"Таблетки для перорального применения.";"<strong style=""color: rgb(4, 77, 39);"">ПРЕИМУЩЕСТВА </strong><br />Таблетки Рабена 20 мг - нестероидное противовоспалительное средство из группы коксибов. <br /><strong style=""color: rgb(4, 77, 39);"">ПОКАЗАНИЯ К ПРИМЕНЕНИЮ</strong><br />Препарат применяют собакам в качестве противовоспалительного и болеутоляющего препарата при воспалительных и болевых синдромах различного происхождения, в том числе: при острых и хронических болезнях опорно-двигательного аппарата (артриты, артрозы, синовиты, вывихи); при воспалительных болезнях мягких тканей; в качестве анальгезирующего и противовоспалительного средства в послеоперационный период. <br /><strong style=""color: rgb(4, 77, 39);"">ПОРЯДОК ПРИМЕНЕНИЯ</strong><br />Препарат применяют индивидуально, один раз в сутки, за 30 минут до или после кормления в дозе 1 таблетка для собаки массой 10-20 кг (что соответствует 1-2 мг робенакоксиба на 1 кг массы тела животного). При необходимости, препарат может быть задан вместе с кормом. Продолжительность курса лечения определяется ветеринарным врачом и, как правило, составляет 7 дней. Если по истечении 10 дней клиническое улучшение не наступает, применение препарата прекращают. <br /><strong style=""color: rgb(4, 77, 39);"">ФОРМА ВЫПУСКА </strong><br />Препарат выпускают расфасованным по 6 или 10 таблеток в блистеры, помещенные вместе с инструкцией по применению в индивидуальные картонные пачки. <br /><strong style=""color: rgb(4, 77, 39);"">СРОК ГОДНОСТИ И УСЛОВИЯ ХРАНЕНИЯ</strong><br />Препарат хранят в упаковке производителя в защищенном от света месте при температуре от плюс 2 °С до плюс 25 °С. Препарат хранят отдельно от продуктов питания и кормов, в недоступном для детей месте.<br />Срок годности при соблюдении условий хранения - 3 года от даты производства.<br /><strong style=""color: rgb(4, 77, 39);"">СОСТАВ</strong><br />В 1 таблетке содержится 20 мг робенакоксиба; вспомогательные вещества: лактозы моногидрат, дрожжи неактивные, целлюлоза микрокристаллическая, крахмал кукурузный, кросповидон, поливинилпирролидон низкомолекулярный, аспасвит Ц200, ароматизатор, кальция стеарат, тальк.";https://static.tildacdn.com/stor6338-3138-4662-b031-373638613234/eaa48eb929d3858affb7d8402f4a12dd.png;0;;;;;yAf0t2cuGKBIM3KkKhkt;;0;0;0;0
674949679373;;;;"Кошки;Собаки";"раствор РАБЕНА 2%";"Раствор для подкожного введения.";"<strong style=""color: rgb(4, 77, 39);"">ПРЕИМУЩЕСТВА </strong><br />Рабена 2 % – нестероидное противовоспалительное средство из группы коксибов.<br /><strong style=""color: rgb(4, 77, 39);"">ПОКАЗАНИЯ К ПРИМЕНЕНИЮ</strong><br />Препарат применяют собакам и кошкам в качестве противовоспалительного и болеутоляющего средства при воспалительных и болевых синдромах различного происхождения, включая острые и хронические заболевания опорно-двигательного аппарата (артриты, артрозы, синовиты, вывихи), воспалительные заболевания мягких тканей, а также в качестве анальгезирующего и противовоспалительного препарата в послеоперационный период.<br /><strong style=""color: rgb(4, 77, 39);"">ПОРЯДОК ПРИМЕНЕНИЯ</strong><br />Препарат применяют кошкам и собакам подкожно в дозе 1 мл на 10 кг массы тела животного (что соответствует 2 мг робенакоксиба на 1 кг массы тела животного): <br />- при хирургических вмешательствах препарат вводят примерно за 30 минут до проведения оперативных вмешательств однократно в дозе 1 мл на 10 кг массы тела животного.<br />- в послеоперационный период в качестве анальгезирующего и противовоспалительного препарат вводят один раз в сутки в течение 1-2 дней в дозе 1 мл на 10 кг массы тела животного. <br />- при лечении заболеваний опорно-двигательного аппарата препарат применяют для снятия острой боли однократно или двукратно один раз в сутки в дозе 1 мл на 10 кг массы тела животного.<br /><strong style=""color: rgb(4, 77, 39);"">ФОРМА ВЫПУСКА </strong><br />Препарат выпускают расфасованным во флаконы из темного стекла по 20 мл и 100 мл.<br /><strong style=""color: rgb(4, 77, 39);"">СРОК ГОДНОСТИ И УСЛОВИЯ ХРАНЕНИЯ</strong><br />Препарат хранят в упаковке производителя, в защищенном от прямых солнечных лучей месте при температуре от 2 ºС до 8 ºС. Препарат хранят отдельно от продуктов питания и кормов, в недоступном для детей месте. Препарат транспортируют, соблюдая условия хранения.<br />Срок годности препарата – 3 года от даты производства при соблюдении условий хранения и транспортирования. Срок годности после первого вскрытия флакона - в течение 28 суток при температуре от 2 °С до 25 °С. Не применять по истечении срока годности.<br /><strong style=""color: rgb(4, 77, 39);"">СОСТАВ</strong><br />Препарат содержит в 1,0 мл в качестве действующего вещества 20 мг робенакоксиба; вспомогательные вещества: натрия метабисульфит, натрия гидроксид, полоксамер 188, полиэтиленгликоль, этиловый спирт, вода для инъекций.";https://static.tildacdn.com/stor3033-3063-4264-a561-363366623734/3a48aa6731bbe735439cbce3437b5a38.png;0;;;;;mo4Ji5A2gzhKozSroSP0;;0;0;0;0
888831031043;;;;Собаки;"таблетки АПОМЕД 3,6 мг";Таблетки;"<strong style=""color: rgb(4, 77, 39);"">ПРЕИМУЩЕСТВА </strong><br />Оклацитиниба малеат, входящий в состав препарата, в терапевтической дозе угнетает функции провоспалительных, проаллергических и пруритогенных (зудогенных) цитокинов, зависимых от ферментативной активности янус-киназы JAK1 или ЈАК3, целенаправленное воздействие на которые позволяет ингибировать ключевые механизмы возникновения зуда, ассоциированного с аллергией, и способствует устранению симптомов местного воспаления; на цитокины, участвующие в кроветворении и зависимые от ЈАК2, существенно не влияет.<br /><strong style=""color: rgb(4, 77, 39);"">ПОКАЗАНИЯ К ПРИМЕНЕНИЮ</strong><br />Препарат применяют собакам при дерматите, ассоциированном C аллергией (контактный, пищевой, паразитарный) в целях устранения зуда и уменьшения очаговых изменений кожи, а также для профилактики рецидивов атопического дерматита.<br /><strong style=""color: rgb(4, 77, 39);"">ПОРЯДОК ПРИМЕНЕНИЯ</strong><br />Препарат применяют вне зависимости от приема корма индивидуально перорально с руки, или в смеси с кормом, или вводят принудительно в ротовую полость в разовой дозе 0,4-0,6 мг оклацитиниба на 1 кг массы животного (1 таблетка на собаку массой тела 6,0-8,9 кг) два раза в день. Продолжительность курса - не более 14 суток. В качестве поддерживающей терапии при атопическом дерматите у собак препарат применяют 1 раз в сутки в указанной выше дозе, но не более 14 недель. Схема и длительность курса применения зависят от этиологии и патогенеза дерматита, клинического состояния животного. дозу. Следует убедиться в том, что собака полностью приняла необходимую<br /><strong style=""color: rgb(4, 77, 39);"">ФОРМА ВЫПУСКА </strong><br />Препарат выпускают расфасованным по 10 таблеток в блистере, помещенном по 1 штуке вместе с инструкцией по применению индивидуальную картонную пачку.<br /><strong style=""color: rgb(4, 77, 39);"">СРОК ГОДНОСТИ И УСЛОВИЯ ХРАНЕНИЯ</strong><br />Срок годности при соблюдении условий хранения и транспортирования — 2 года от даты производства. Не применять по истечении срока годности.<br />Препарат хранят в упаковке производителя при температуре от 2 °С до 25 °С. Хранят в недоступном для детей месте, отдельно от продуктов питания и кормов. Препарат транспортируют, соблюдая условия хранения.<br /><strong style=""color: rgb(4, 77, 39);"">СОСТАВ</strong><br />В 1,0 г препарата содержится 57,6 мг оклацитиниба (в форме оклацитиниба малеата), а также вспомогательные вещества: лактозы моногидрат, дрожжи неактивные, целлюлоза микрокристаллическая, поливинилпирролидон, кросповидон, аспасвит 200, ароматическая добавка, кальция стеарат, тальк.<br />В одной таблетке Апомед 3,6 мг, Апомед 5,4 мг и Апомед 16 мг содержится соответственно 3,6 мг, 5,4 мг и 16 мг оклацитиниба (в форме оклацитиниба малеата).";https://static.tildacdn.com/stor6264-6437-4130-a361-393662643563/c9d6e9f58a428f6749f1334cb00fcec5.png;0;;;;;9rab7oL8fI1jOYVZkoXm;;0;0;0;0
675050183553;;;;Собаки;"таблетки АПОМЕД 5,4 мг";Таблетки;"<strong style=""color: rgb(4, 77, 39);"">ПРЕИМУЩЕСТВА </strong><br />Оклацитиниба малеат, входящий в состав препарата, в терапевтической дозе угнетает функции провоспалительных, проаллергических и пруритогенных (зудогенных) цитокинов, зависимых от ферментативной активности янус-киназы JAK1 или ЈАК3, целенаправленное воздействие на которые позволяет ингибировать ключевые механизмы возникновения зуда, ассоциированного с аллергией, и способствует устранению симптомов местного воспаления; на цитокины, участвующие в кроветворении и зависимые от ЈАК2, существенно не влияет.<br /><strong style=""color: rgb(4, 77, 39);"">ПОКАЗАНИЯ К ПРИМЕНЕНИЮ</strong><br />Препарат применяют собакам при дерматите, ассоциированном C аллергией (контактный, пищевой, паразитарный) в целях устранения зуда и уменьшения очаговых изменений кожи, а также для профилактики рецидивов атопического дерматита.<br /><strong style=""color: rgb(4, 77, 39);"">ПОРЯДОК ПРИМЕНЕНИЯ</strong><br />Препарат применяют вне зависимости от приема корма индивидуально перорально с руки, или в смеси с кормом, или вводят принудительно в ротовую полость в разовой дозе 0,4-0,6 мг оклацитиниба на 1 кг массы животного (1 таблетка на собаку массой тела 6,0-8,9 кг) два раза в день. Продолжительность курса - не более 14 суток. В качестве поддерживающей терапии при атопическом дерматите у собак препарат применяют 1 раз в сутки в указанной выше дозе, но не более 14 недель. Схема и длительность курса применения зависят от этиологии и патогенеза дерматита, клинического состояния животного. дозу. Следует убедиться в том, что собака полностью приняла необходимую<br /><strong style=""color: rgb(4, 77, 39);"">ФОРМА ВЫПУСКА </strong><br />Препарат выпускают расфасованным по 10 таблеток в блистере, помещенном по 1 штуке вместе с инструкцией по применению индивидуальную картонную пачку.<br /><strong style=""color: rgb(4, 77, 39);"">СРОК ГОДНОСТИ И УСЛОВИЯ ХРАНЕНИЯ</strong><br />Срок годности при соблюдении условий хранения и транспортирования — 2 года от даты производства. Не применять по истечении срока годности.<br />Препарат хранят в упаковке производителя при температуре от 2 °С до 25 °С. Хранят в недоступном для детей месте, отдельно от продуктов питания и кормов. Препарат транспортируют, соблюдая условия хранения.<br /><strong style=""color: rgb(4, 77, 39);"">СОСТАВ</strong><br />В 1,0 г препарата содержится 57,6 мг оклацитиниба (в форме оклацитиниба малеата), а также вспомогательные вещества: лактозы моногидрат, дрожжи неактивные, целлюлоза микрокристаллическая, поливинилпирролидон, кросповидон, аспасвит 200, ароматическая добавка, кальция стеарат, тальк.<br />В одной таблетке Апомед 3,6 мг, Апомед 5,4 мг и Апомед 16 мг содержится соответственно 3,6 мг, 5,4 мг и 16 мг оклацитиниба (в форме оклацитиниба малеата).";https://static.tildacdn.com/stor3032-3831-4732-a561-333731636537/f15e66cf6d9f376482e030546054abd1.png;0;;;;;T2MPkvxjbncGRDR3mA91;;0;0;0;0
308288470043;;;;Собаки;"таблетки АПОМЕД 16 мг";Таблетки;"<strong style=""color: rgb(4, 77, 39);"">ПРЕИМУЩЕСТВА </strong><br />Оклацитиниба малеат, входящий в состав препарата, в терапевтической дозе угнетает функции провоспалительных, проаллергических и пруритогенных (зудогенных) цитокинов, зависимых от ферментативной активности янус-киназы JAK1 или ЈАК3, целенаправленное воздействие на которые позволяет ингибировать ключевые механизмы возникновения зуда, ассоциированного с аллергией, и способствует устранению симптомов местного воспаления; на цитокины, участвующие в кроветворении и зависимые от ЈАК2, существенно не влияет.<br /><strong style=""color: rgb(4, 77, 39);"">ПОКАЗАНИЯ К ПРИМЕНЕНИЮ</strong><br />Препарат применяют собакам при дерматите, ассоциированном C аллергией (контактный, пищевой, паразитарный) в целях устранения зуда и уменьшения очаговых изменений кожи, а также для профилактики рецидивов атопического дерматита. <br /><strong style=""color: rgb(4, 77, 39);"">ПОРЯДОК ПРИМЕНЕНИЯ</strong><br />Препарат применяют вне зависимости от приема корма индивидуально перорально с руки, или в смеси с кормом, или вводят принудительно в ротовую полость в разовой дозе 0,4-0,6 мг оклацитиниба на 1 кг массы животного (1 таблетка на собаку массой тела 6,0-8,9 кг) два раза в день. Продолжительность курса - не более 14 суток. В качестве поддерживающей терапии при атопическом дерматите у собак препарат применяют 1 раз в сутки в указанной выше дозе, но не более 14 недель. Схема и длительность курса применения зависят от этиологии и патогенеза дерматита, клинического состояния животного. дозу. Следует убедиться в том, что собака полностью приняла необходимую<br /><strong style=""color: rgb(4, 77, 39);"">ФОРМА ВЫПУСКА </strong><br />Препарат выпускают расфасованным по 10 таблеток в блистере, помещенном по 1 штуке вместе с инструкцией по применению индивидуальную картонную пачку. <br /><strong style=""color: rgb(4, 77, 39);"">СРОК ГОДНОСТИ И УСЛОВИЯ ХРАНЕНИЯ</strong><br />Срок годности при соблюдении условий хранения и транспортирования — 2 года от даты производства. Не применять по истечении срока годности. <br />Препарат хранят в упаковке производителя при температуре от 2 °С до 25 °С. Хранят в недоступном для детей месте, отдельно от продуктов питания и кормов. Препарат транспортируют, соблюдая условия хранения.<br /><strong style=""color: rgb(4, 77, 39);"">СОСТАВ</strong><br />В 1,0 г препарата содержится 57,6 мг оклацитиниба (в форме оклацитиниба малеата), а также вспомогательные вещества: лактозы моногидрат, дрожжи неактивные, целлюлоза микрокристаллическая, поливинилпирролидон, кросповидон, аспасвит 200, ароматическая добавка, кальция стеарат, тальк.<br />В одной таблетке Апомед 3,6 мг, Апомед 5,4 мг и Апомед 16 мг содержится соответственно 3,6 мг, 5,4 мг и 16 мг оклацитиниба (в форме оклацитиниба малеата).";https://static.tildacdn.com/stor6132-6664-4463-b134-303231616164/2b442f37aed1c93ffdaa4528fd2b9dba.png;0;;;;;oZy6Bk1NANrcYzzbLsIL;;0;0;0;0
560812800413;;;;"Кошки;Собаки";"раствор для инъекций МАРОПЕКС 1%";"Раствор для внутривенного и подкожного введения.";"<strong style=""color: rgb(4, 77, 39);"">ПРЕИМУЩЕСТВА </strong><br />Маропекс 1 % – противорвотное средство – антагонист нейрокининовых рецепторов.<br /><strong style=""color: rgb(4, 77, 39);"">ПОКАЗАНИЯ К ПРИМЕНЕНИЮ</strong><br />Препарат применяют для предотвращения рвоты различного генеза у собак и кошек.<br /><strong style=""color: rgb(4, 77, 39);"">ПОРЯДОК ПРИМЕНЕНИЯ</strong><br />Препарат вводят собакам и кошкам подкожно или внутривенно в дозе 1 мг/кг массы животного, что эквивалентно 1 мл препарата на 10 кг массы животного, один раз в сутки, не более 5 суток подряд.<br />При внутривенном введении препарат вводят в течение 1-2 минут без предварительного разведения.<br /><strong style=""color: rgb(4, 77, 39);"">ФОРМА ВЫПУСКА </strong><br />Препарат выпускают расфасованным во флаконы из темного стекла по 10 и 20 мл.<br /><strong style=""color: rgb(4, 77, 39);"">СРОК ГОДНОСТИ И УСЛОВИЯ ХРАНЕНИЯ</strong><br />Препарат хранят в упаковке производителя в защищенном от прямых солнечных лучей месте при температуре от 2 ºС до 25 ºС. Препарат хранят отдельно от продуктов питания и кормов, в недоступном для детей месте. Препарат транспортируют, соблюдая условия хранения.<br />Срок годности препарата – 3 года от даты производства при соблюдении условий хранения. После первого вскрытия флакона препарат пригоден для использования в течение 90 дней при соблюдении указанных условий хранения. Не применять по истечении срока годности.<br /><strong style=""color: rgb(4, 77, 39);"">СОСТАВ</strong><br />Препарат содержит в 1,0 мл в качестве действующего вещества 10 мг маропитанта (в форме маропитанта цитрата моногидрата); вспомогательные вещества: сульфобутиловый эфир β-циклодекстрина, метакрезол, вода для инъекций.";https://static.tildacdn.com/stor6263-6139-4166-a133-333862333038/84c6ad36caf43a6c16cdc7b75cf1a509.png;0;;;;;eSoJ9griTJ7l9iVC2ZMy;;0;0;0;0
935891232053;;;;"Собаки;Кошки";"суспензия ОТИВЕТ";"Суспензия для наружного применения.";"<strong style=""color: rgb(4, 77, 39);"">ПРЕИМУЩЕСТВА </strong><br />Отивет - комбинированный ветеринарный препарат с антибактериальным противогрибковым действием. Помимо антимикробных и противогрибковых свойств, Отивет оказывает также противовоспалительное и противоаллергическое действие.<br /><strong style=""color: rgb(4, 77, 39);"">ПОКАЗАНИЯ К ПРИМЕНЕНИЮ</strong><br />Препарат применяют для лечения собак и кошек при остром и хроническом наружном отите (воспалении наружного слухового прохода) и заболеваниях кожи (дерматитах, пиодермиях, дерматофитозах, инфицированных ранах и др.) бактериальной и грибковой этиологии, вызванных микроорганизмами чувствительными к препарату.<br /><strong style=""color: rgb(4, 77, 39);"">ПОРЯДОК ПРИМЕНЕНИЯ</strong><br />Перед применением флакон с препаратом взбалтывать до образования однородной суспензии. При отитах препарат закапывают в больное ухо по 3-5 капель. Предварительно ушные раковины и слуховой проход очищают от ушной серы. С целью равномерного распределения препарата основание ушной раковины массируют легкими движениями. Если после применения препарата животное трясет головой, следует в течение нескольких минут фиксировать голову для предотвращения выброса препарата из полости уха. Обработку следует проводить 2 раза в сутки до исчезновения клинических признаков заболевания и затем продолжить еще в течение 2-3 дней. Общий курс лечения не должен превышать 15 суток. В комплексной терапии отодектоза (ушная чесотка), осложненного отитом, препарат применяют в той же дозе и по той же схеме. При заболеваниях кожи препарат наносят на всю пораженную поверхность, предварительно удалив на пораженном и пограничном с ним участке волосяной покров, загрязнения, некротизированные ткани, гной и раневой экссудат. Обработку необходимо проводить 1-2 раза в сутки. Продолжительность лечения определяется ветеринарным специалистом, зависит от степени поражения и скорости заживления тканей, но не должна превышать 21 дня. <br /><strong style=""color: rgb(4, 77, 39);"">ФОРМА ВЫПУСКА </strong><br />Препарат выпускают расфасованным по 10; 15; 30 мл во флакон полиэтиленовый, закрытый пипеткой-вставкой полиэтиленовой и укупоренный крышкой закручивающейся.<br /><strong style=""color: rgb(4, 77, 39);"">СРОК ГОДНОСТИ И УСЛОВИЯ ХРАНЕНИЯ</strong><br />Препарат хранят в упаковке производителя при температуре от 2 °С до 25 °С. Препарат хранят отдельно от продуктов питания и кормов, в недоступном для детей месте. Препарат транспортируют, соблюдая условия хранения. <br />Срок годности – 2 года от даты производства, после вскрытия флакона - не более 3 месяцев при соблюдении условий хранения. <br /><strong style=""color: rgb(4, 77, 39);"">СОСТАВ</strong><br />Препарат содержит в 1,0 мл в качестве действующих веществ 23 мг миконазола нитрата, 0,53 мг полимиксина В сульфата и 5 мг преднизолона ацетата; вспомогательные вещества: кремния диоксид коллоидный, вазелиновое масло.";https://static.tildacdn.com/stor6662-3239-4133-b061-663033663063/d4c580acabd97806d666819c96e4df88.png;0;;;;;YR1pb05flkOhEjRMjhtc;;0;0;0;0
